{"article_list": [{"href": "https://dulich.vnexpress.net/photo/dau-chan/tieu-thu-nha-cuu-ty-phu-malaysia-rong-choi-da-nang-hoi-an-3802868.html", "topic": "Ti\u1ec3u th\u01b0 nh\u00e0 c\u1ef1u t\u1ef7 ph\u00fa Malaysia rong ch\u01a1i \u0110\u00e0 N\u1eb5ng - H\u1ed9i An", "newspaper": "Vnexpress", "update_time": "-368 ph\u00fat tr\u01b0\u1edbc", "stt": "1", "publish_time": "05/09/2018"}, {"href": "http://plo.vn/thoi-su/yeu-cau-bao-ve-hien-truong-vu-pha-rung-song-luy-790950.html", "topic": "Y\u00eau c\u1ea7u b\u1ea3o v\u1ec7 hi\u1ec7n tr\u01b0\u1eddng v\u1ee5 ph\u00e1 r\u1eebng S\u00f4ng L\u0169y", "newspaper": "Ph\u00e1p lu\u1eadt TP.HCM", "update_time": "-367 ph\u00fat tr\u01b0\u1edbc", "stt": "2", "publish_time": "05/09/2018"}, {"href": "http://www.dantri.com.vn/doi-song/kham-pha-biet-thu-trieu-do-nam-ngay-trong-hang-dong-doc-nhat-the-gioi-20180904223717178.htm", "topic": "Kh\u00e1m ph\u00e1 bi\u1ec7t th\u1ef1 \"tri\u1ec7u \u0111\u00f4\" n\u1eb1m ngay trong hang \u0111\u1ed9ng \u0111\u1ed9c nh\u1ea5t th\u1ebf gi\u1edbi", "newspaper": "D\u00e2n tr\u00ed", "update_time": "9 ph\u00fat tr\u01b0\u1edbc", "stt": "3", "publish_time": "05/09/2018"}, {"href": "http://kenh14.vn/tu-long-quat-den-tui-theu-ca-vang-chi-la-hop-banh-trung-thu-thoi-ma-nam-nay-co-du-thu-moi-la-2018082410593246.chn", "topic": "T\u1eeb l\u1ed3ng qu\u1ea1t \u0111\u1ebfn t\u00fai th\u00eau c\u00e1 v\u00e0ng, ch\u1ec9 l\u00e0 h\u1ed9p b\u00e1nh Trung thu th\u00f4i m\u00e0 n\u0103m nay c\u00f3 \u0111\u1ee7 th\u1ee9 m\u1edbi l\u1ea1", "newspaper": "Kenh14.vn", "update_time": "9 ph\u00fat tr\u01b0\u1edbc", "stt": "4", "publish_time": "04/09/2018"}, {"href": "http://kenh14.vn/isaac-la-nghe-si-viet-nam-duy-nhat-lot-top-100-sao-nam-chau-a-khien-trai-tim-cong-chung-loan-nhip-20180904184528294.chn", "topic": "Isaac l\u00e0 ngh\u1ec7 s\u0129 Vi\u1ec7t Nam duy nh\u1ea5t l\u1ecdt Top 100 sao nam ch\u00e2u \u00c1 khi\u1ebfn tr\u00e1i tim c\u00f4ng ch\u00fang lo\u1ea1n nh\u1ecbp", "newspaper": "Kenh14.vn", "update_time": "9 ph\u00fat tr\u01b0\u1edbc", "stt": "5", "publish_time": "04/09/2018"}, {"href": "http://kenh14.vn/gui-thanh-xuan-nam-ay-bo-anh-cua-2-sinh-vien-truong-bao-khien-dan-mang-rung-rinh-vi-qua-de-thuong-20180904155554012.chn", "topic": "G\u1eedi thanh xu\u00e2n \bn\u0103m \u1ea5y: B\u1ed9 \u1ea3nh c\u1ee7a 2 sinh vi\u00ean tr\u01b0\u1eddng B\u00e1o khi\u1ebfn d\u00e2n m\u1ea1ng rung rinh v\u00ec qu\u00e1 d\u1ec5 th\u01b0\u01a1ng", "newspaper": "Kenh14.vn", "update_time": "9 ph\u00fat tr\u01b0\u1edbc", "stt": "6", "publish_time": "04/09/2018"}, {"href": "http://danviet.vn/du-lich/du-khach-sung-so-truoc-ve-dep-nhu-tranh-cua-vuong-quoc-la-phong-khi-vao-thu-909756.html", "topic": "Du kh\u00e1ch s\u1eefng s\u1edd tr\u01b0\u1edbc v\u1ebb \u0111\u1eb9p nh\u01b0 tranh c\u1ee7a v\u01b0\u01a1ng qu\u1ed1c l\u00e1 phong khi...", "newspaper": "D\u00e2n Vi\u1ec7t", "update_time": "9 ph\u00fat tr\u01b0\u1edbc", "stt": "7", "publish_time": "05/09/2018"}, {"href": "http://www.vietnamnet.vn/vn/the-gioi/the-gioi-do-day/be-hon-1-tuoi-song-sot-sau-5-ngay-lac-trong-rung-474814.html", "topic": "B\u00e9 h\u01a1n 1 tu\u1ed5i s\u1ed1ng s\u00f3t sau g\u1ea7n m\u1ed9t tu\u1ea7n l\u1ea1c trong r\u1eebng", "newspaper": "Vietnamnet", "update_time": "10 ph\u00fat tr\u01b0\u1edbc", "stt": "8", "publish_time": "05/09/2018"}, {"href": "http://www.vietnamnet.vn/vn/kinh-doanh/thi-truong/o-to-suv-7-giam-500-trieu-dong-bung-no-xe-lon-gia-mem-474349.html", "topic": "\u00d4 t\u00f4 SUV 7 ch\u1ed7 gi\u1ea3m 500 tri\u1ec7u \u0111\u1ed3ng: B\u00f9ng n\u1ed5 xe l\u1edbn gi\u00e1 m\u1ec1m", "newspaper": "Vietnamnet", "update_time": "10 ph\u00fat tr\u01b0\u1edbc", "stt": "9", "publish_time": "05/09/2018"}, {"href": "http://nhandan.com.vn/chinhtri/item/37513702-quan-he-doi-tac-chien-luoc-toan-dien-giua-viet-nam-va-lb-nga-dang-phat-trien-thuc-chat-ngay-cang-sau-sac-theo-huong-ben-vung.html", "topic": "Quan h\u1ec7 \u0111\u1ed1i t\u00e1c chi\u1ebfn l\u01b0\u1ee3c to\u00e0n di\u1ec7n gi\u1eefa Vi\u1ec7t Nam v\u00e0 LB Nga \u0111ang ph\u00e1t tri\u1ec3n th\u1ef1c ch\u1ea5t, ng\u00e0y c\u00e0ng s\u00e2u s\u1eafc theo h\u01b0\u1edbng b\u1ec1n v\u1eefng", "newspaper": "Nh\u00e2n d\u00e2n", "update_time": "22 ph\u00fat tr\u01b0\u1edbc", "stt": "10", "publish_time": "04/09/2018"}, {"href": "http://nhandan.com.vn/chinhtri/item/37520402-quan-he-nga-viet-nam-co-the-dat-den-cap-do-moi.html", "topic": "Quan h\u1ec7 Nga - Vi\u1ec7t Nam c\u00f3 th\u1ec3 \u0111\u1ea1t \u0111\u1ebfn c\u1ea5p \u0111\u1ed9 m\u1edbi", "newspaper": "Nh\u00e2n d\u00e2n", "update_time": "22 ph\u00fat tr\u01b0\u1edbc", "stt": "11", "publish_time": "04/09/2018"}, {"href": "http://nhandan.com.vn/thegioi/tin-tuc/item/37518402-sieu-bao-lon-nhat-25-nam-qua-do-bo-nhat-ban-so-tan-mot-trieu-nguoi.html", "topic": "Si\u00eau b\u00e3o l\u1edbn nh\u1ea5t 25 n\u0103m qua \u0111\u1ed5 b\u1ed9, Nh\u1eadt B\u1ea3n s\u01a1 t\u00e1n m\u1ed9t tri\u1ec7u ng\u01b0\u1eddi", "newspaper": "Nh\u00e2n d\u00e2n", "update_time": "22 ph\u00fat tr\u01b0\u1edbc", "stt": "12", "publish_time": "04/09/2018"}, {"href": "http://nhandan.com.vn/giaoduc/tin-tuc/item/37521402-nhung-mo-hinh-truong-hoc-gan-voi-cuoc-song.html", "topic": "Nh\u1eefng m\u00f4 h\u00ecnh tr\u01b0\u1eddng h\u1ecdc g\u1eafn v\u1edbi cu\u1ed9c s\u1ed1ng", "newspaper": "Nh\u00e2n d\u00e2n", "update_time": "22 ph\u00fat tr\u01b0\u1edbc", "stt": "13", "publish_time": "05/09/2018"}, {"href": "http://nhandan.com.vn/hanoi/tin-moi-nhan/item/37515302-chung-quanh-viec-quy-hoach-ga-c9-tuyen-duong-sat-do-thi-so-2.html", "topic": "Chung quanh vi\u1ec7c quy ho\u1ea1ch ga C9 tuy\u1ebfn \u0111\u01b0\u1eddng s\u1eaft \u0111\u00f4 th\u1ecb s\u1ed1 2", "newspaper": "Nh\u00e2n d\u00e2n", "update_time": "23 ph\u00fat tr\u01b0\u1edbc", "stt": "14", "publish_time": "04/09/2018"}, {"href": "http://nhandan.com.vn/thegioi/binh-luan-quoc-te/item/37522802-cuu-nguoi-giup-minh.html", "topic": "C\u1ee9u ng\u01b0\u1eddi, gi\u00fap m\u00ecnh", "newspaper": "Nh\u00e2n d\u00e2n", "update_time": "23 ph\u00fat tr\u01b0\u1edbc", "stt": "15", "publish_time": "05/09/2018"}, {"href": "http://nhandan.com.vn/thegioi/tin-tuc/item/37522902-i-ta-li-a-phe-phan-chinh-sach-di-cu-cua-duc.html", "topic": "I-ta-li-a ph\u00ea ph\u00e1n ch\u00ednh s\u00e1ch di c\u01b0 c\u1ee7a \u0110\u1ee9c", "newspaper": "Nh\u00e2n d\u00e2n", "update_time": "23 ph\u00fat tr\u01b0\u1edbc", "stt": "16", "publish_time": "05/09/2018"}, {"href": "http://nhandan.com.vn/thegioi/tin-tuc/item/37523002-trieu-tien-chi-trich-chinh-sach-trung-phat-cua-my.html", "topic": "Tri\u1ec1u Ti\u00ean ch\u1ec9 tr\u00edch ch\u00ednh s\u00e1ch tr\u1eebng ph\u1ea1t c\u1ee7a M\u1ef9", "newspaper": "Nh\u00e2n d\u00e2n", "update_time": "23 ph\u00fat tr\u01b0\u1edbc", "stt": "17", "publish_time": "05/09/2018"}, {"href": "http://nhandan.com.vn/khoahoc/moi-truong/item/37523102-hop-tac-thu-nghiem-cong-nghe-xu-ly-di-o-xin-tai-san-bay-bien-hoa.html", "topic": "H\u1ee3p t\u00e1c th\u1eed nghi\u1ec7m c\u00f4ng ngh\u1ec7 x\u1eed l\u00fd \u0111i-\u00f4-xin t\u1ea1i s\u00e2n bay Bi\u00ean H\u00f2a", "newspaper": "Nh\u00e2n d\u00e2n", "update_time": "23 ph\u00fat tr\u01b0\u1edbc", "stt": "18", "publish_time": "05/09/2018"}, {"href": "http://nhandan.com.vn/thegioi/tin-tuc/item/37523202-my-canh-bao-tham-hoa-nhan-dao-tai-xy-ri.html", "topic": "M\u1ef9 c\u1ea3nh b\u00e1o th\u1ea3m h\u1ecda nh\u00e2n \u0111\u1ea1o t\u1ea1i Xy-ri", "newspaper": "Nh\u00e2n d\u00e2n", "update_time": "23 ph\u00fat tr\u01b0\u1edbc", "stt": "19", "publish_time": "05/09/2018"}, {"href": "http://nhandan.com.vn/xahoi/tin-tuc/item/37523302-chong-buon-lau-o-vung-bien-mong-cai.html", "topic": "Ch\u1ed1ng bu\u00f4n l\u1eadu \u1edf v\u00f9ng bi\u00ean M\u00f3ng C\u00e1i", "newspaper": "Nh\u00e2n d\u00e2n", "update_time": "23 ph\u00fat tr\u01b0\u1edbc", "stt": "20", "publish_time": "05/09/2018"}, {"href": "http://nhandan.com.vn/phapluat/thoi-su-phap-luat/item/37523402-khoi-to-doi-tuong-tuyen-truyen-chong-pha-dang-va-nha-nuoc.html", "topic": "Kh\u1edfi t\u1ed1 \u0111\u1ed1i t\u01b0\u1ee3ng tuy\u00ean truy\u1ec1n ch\u1ed1ng ph\u00e1 \u0110\u1ea3ng v\u00e0 Nh\u00e0 n\u01b0\u1edbc", "newspaper": "Nh\u00e2n d\u00e2n", "update_time": "23 ph\u00fat tr\u01b0\u1edbc", "stt": "21", "publish_time": "05/09/2018"}, {"href": "http://nhandan.com.vn/xahoi/tin-tuc/item/37523502-bac-bo-va-trung-bo-nang-nong.html", "topic": "B\u1eafc B\u1ed9 v\u00e0 Trung B\u1ed9 n\u1eafng n\u00f3ng", "newspaper": "Nh\u00e2n d\u00e2n", "update_time": "23 ph\u00fat tr\u01b0\u1edbc", "stt": "22", "publish_time": "05/09/2018"}, {"href": "http://nhandan.com.vn/bandoc/chuong_trinh_phat_song/item/37523602-mot-so-chuong-trinh-phat-song-ngay-5-9.html", "topic": "M\u1ed9t s\u1ed1 ch\u01b0\u01a1ng tr\u00ecnh ph\u00e1t s\u00f3ng ng\u00e0y 5-9", "newspaper": "Nh\u00e2n d\u00e2n", "update_time": "23 ph\u00fat tr\u01b0\u1edbc", "stt": "23", "publish_time": "05/09/2018"}, {"href": "http://nhandan.com.vn/phapluat/thoi-su-phap-luat/item/37523702-bat-doi-tuong-truy-na.html", "topic": "B\u1eaft \u0111\u1ed1i t\u01b0\u1ee3ng truy n\u00e3", "newspaper": "Nh\u00e2n d\u00e2n", "update_time": "23 ph\u00fat tr\u01b0\u1edbc", "stt": "24", "publish_time": "05/09/2018"}, {"href": "http://kenh14.vn/mien-bac-sap-don-khong-khi-lanh-trong-it-ngay-toi-20180904151850658.chn", "topic": "Mi\u1ec1n B\u1eafc s\u1eafp \u0111\u00f3n kh\u00f4ng kh\u00ed l\u1ea1nh trong \u00edt ng\u00e0y t\u1edbi?", "newspaper": "Kenh14.vn", "update_time": "26 ph\u00fat tr\u01b0\u1edbc", "stt": "25", "publish_time": "04/09/2018"}, {"href": "http://nhandan.com.vn/chinhtri/item/37520702-tong-bi-thu-nguyen-phu-trong-len-duong-tham-chinh-thuc-lb-nga-va-se-tham-chinh-thuc-ch-hung-ga-ri.html", "topic": "T\u1ed5ng B\u00ed th\u01b0 Nguy\u1ec5n Ph\u00fa Tr\u1ecdng l\u00ean \u0111\u01b0\u1eddng th\u0103m ch\u00ednh th\u1ee9c LB Nga v\u00e0 s\u1ebd th\u0103m ch\u00ednh th\u1ee9c CH Hung-ga-ri", "newspaper": "Nh\u00e2n d\u00e2n", "update_time": "27 ph\u00fat tr\u01b0\u1edbc", "stt": "26", "publish_time": "05/09/2018"}, {"href": "http://kenh14.vn/2-nam-sau-khi-2ne1-tan-ra-park-bom-bat-ngo-tiet-lo-khong-phai-toi-ma-la-nguoi-khac-da-pha-hoai-nhom-20180905001618387.chn", "topic": "2 n\u0103m sau khi 2NE1 tan r\u00e3, Park Bom b\u1ea5t ng\u1edd ti\u1ebft l\u1ed9: \"Kh\u00f4ng ph\u1ea3i t\u00f4i m\u00e0 l\u00e0 ng\u01b0\u1eddi kh\u00e1c \u0111\u00e3 ph\u00e1 ho\u1ea1i nh\u00f3m\"", "newspaper": "Kenh14.vn", "update_time": "39 ph\u00fat tr\u01b0\u1edbc", "stt": "27", "publish_time": "05/09/2018"}, {"href": "https://nld.com.vn/phap-luat/tp-hcm-hai-ke-sat-hai-nguoi-phu-nu-trong-nha-tro-sa-luoi-2018090416360505.htm", "topic": "TP HCM: Hai k\u1ebb s\u00e1t h\u1ea1i ng\u01b0\u1eddi ph\u1ee5 n\u1eef trong nh\u00e0 tr\u1ecd sa l\u01b0\u1edbi", "newspaper": "Ng\u01b0\u1eddi Lao \u0111\u1ed9ng", "update_time": "40 ph\u00fat tr\u01b0\u1edbc", "stt": "28", "publish_time": "04/09/2018"}, {"href": "https://nld.com.vn/van-nghe/dao-dien-y-gay-soc-khi-mac-ao-ung-ho-ong-trum-be-boi-tinh-duc-20180904154856085.htm", "topic": "\u0110\u1ea1o di\u1ec5n \u00dd g\u00e2y s\u1ed1c khi m\u1eb7c \u00e1o \u1ee7ng h\u1ed9 \"\u00f4ng tr\u00f9m\" b\u00ea b\u1ed1i t\u00ecnh d\u1ee5c", "newspaper": "Ng\u01b0\u1eddi Lao \u0111\u1ed9ng", "update_time": "40 ph\u00fat tr\u01b0\u1edbc", "stt": "29", "publish_time": "04/09/2018"}, {"href": "https://nld.com.vn/chinh-tri/tp-hcm-lap-doan-kiem-tra-sieu-du-an-chong-ngap-10000-ti-dong-20180904164849882.htm", "topic": "TP HCM l\u1eadp \u0111o\u00e0n ki\u1ec3m tra \"si\u00eau\" d\u1ef1 \u00e1n ch\u1ed1ng ng\u1eadp 10.000 t\u1ec9 \u0111\u1ed3ng", "newspaper": "Ng\u01b0\u1eddi Lao \u0111\u1ed9ng", "update_time": "40 ph\u00fat tr\u01b0\u1edbc", "stt": "30", "publish_time": "04/09/2018"}, {"href": "https://nld.com.vn/thoi-su/sua-bon-nuoc-2-cha-con-cung-bi-dien-giat-tu-vong-20180904162713853.htm", "topic": "S\u1eeda b\u1ed3n n\u01b0\u1edbc, 2 cha con c\u00f9ng b\u1ecb \u0111i\u1ec7n gi\u1eadt t\u1eed vong", "newspaper": "Ng\u01b0\u1eddi Lao \u0111\u1ed9ng", "update_time": "40 ph\u00fat tr\u01b0\u1edbc", "stt": "31", "publish_time": "04/09/2018"}, {"href": "https://nld.com.vn/du-an/sau-6-thang-hoa-hoan-chung-cu-carina-plaza-gio-ra-sao-20180904093922833.htm", "topic": "Sau 6 th\u00e1ng h\u1ecfa ho\u1ea1n, chung c\u01b0 Carina Plaza gi\u1edd ra sao?", "newspaper": "Ng\u01b0\u1eddi Lao \u0111\u1ed9ng", "update_time": "40 ph\u00fat tr\u01b0\u1edbc", "stt": "32", "publish_time": "04/09/2018"}, {"href": "https://nld.com.vn/thoi-su-quoc-te/be-gai-22-thang-tuoi-song-sot-sau-4-ngay-lac-noi-rung-nui-20180904174315726.htm", "topic": "B\u00e9 g\u00e1i 22 th\u00e1ng tu\u1ed5i s\u1ed1ng s\u00f3t sau 4 ng\u00e0y l\u1ea1c n\u01a1i r\u1eebng n\u00fai", "newspaper": "Ng\u01b0\u1eddi Lao \u0111\u1ed9ng", "update_time": "41 ph\u00fat tr\u01b0\u1edbc", "stt": "33", "publish_time": "04/09/2018"}, {"href": "https://nld.com.vn/thoi-su-quoc-te/bi-hoi-qua-gioi-han-ve-ong-clinton-ba-lewinsky-dung-dung-bo-di-20180904191215427.htm", "topic": "B\u1ecb h\u1ecfi \"qu\u00e1 gi\u1edbi h\u1ea1n\" v\u1ec1 \u00f4ng Clinton, b\u00e0 Lewinsky \u0111\u00f9ng \u0111\u00f9ng b\u1ecf \u0111i", "newspaper": "Ng\u01b0\u1eddi Lao \u0111\u1ed9ng", "update_time": "41 ph\u00fat tr\u01b0\u1edbc", "stt": "34", "publish_time": "04/09/2018"}, {"href": "https://nld.com.vn/the-thao/cong-vinh-mang-bong-da-cong-dong-den-truong-hoc-20180904203808784.htm", "topic": "C\u00f4ng Vinh mang b\u00f3ng \u0111\u00e1 c\u1ed9ng \u0111\u1ed3ng \u0111\u1ebfn tr\u01b0\u1eddng h\u1ecdc", "newspaper": "Ng\u01b0\u1eddi Lao \u0111\u1ed9ng", "update_time": "41 ph\u00fat tr\u01b0\u1edbc", "stt": "35", "publish_time": "04/09/2018"}, {"href": "https://nld.com.vn/kinh-te/vu-ca-phe-trung-nguyen-ba-thao-de-nghi-huy-phien-xu-ly-hon-20180904214948359.htm", "topic": "V\u1ee5 c\u00e0 ph\u00ea Trung Nguy\u00ean: B\u00e0 Th\u1ea3o \u0111\u1ec1 ngh\u1ecb h\u1ee7y phi\u00ean x\u1eed ly h\u00f4n", "newspaper": "Ng\u01b0\u1eddi Lao \u0111\u1ed9ng", "update_time": "41 ph\u00fat tr\u01b0\u1edbc", "stt": "36", "publish_time": "04/09/2018"}, {"href": "https://nld.com.vn/cong-doan/tp-hcm-can-khoang-27000-lao-dong-20180904212700637.htm", "topic": "TP HCM c\u1ea7n kho\u1ea3ng 27.000 lao \u0111\u1ed9ng", "newspaper": "Ng\u01b0\u1eddi Lao \u0111\u1ed9ng", "update_time": "41 ph\u00fat tr\u01b0\u1edbc", "stt": "37", "publish_time": "05/09/2018"}, {"href": "https://nld.com.vn/cong-doan/giup-cong-nhan-an-ngon-du-chat-20180904212550504.htm", "topic": "Gi\u00fap c\u00f4ng nh\u00e2n \u0103n ngon, \u0111\u1ee7 ch\u1ea5t", "newspaper": "Ng\u01b0\u1eddi Lao \u0111\u1ed9ng", "update_time": "41 ph\u00fat tr\u01b0\u1edbc", "stt": "38", "publish_time": "05/09/2018"}, {"href": "https://nld.com.vn/thoi-su-quoc-te/ca-sau-huyen-thoai-20180904202034518.htm", "topic": "C\u00e1 s\u1ea5u \"huy\u1ec1n tho\u1ea1i\"", "newspaper": "Ng\u01b0\u1eddi Lao \u0111\u1ed9ng", "update_time": "41 ph\u00fat tr\u01b0\u1edbc", "stt": "39", "publish_time": "05/09/2018"}, {"href": "http://kenh14.vn/tham-nhu-can-long-cua-nhu-y-truyen-muon-ca-hau-cung-de-tra-thu-cho-nhu-y-20180904094637256.chn", "topic": "Th\u00e2m nh\u01b0 C\u00e0n Long c\u1ee7a Nh\u01b0 \u00dd Truy\u1ec7n: M\u01b0\u1ee3n c\u1ea3 h\u1eadu cung \u0111\u1ec3 tr\u1ea3 th\u00f9 cho Nh\u01b0 \u00dd", "newspaper": "Kenh14.vn", "update_time": "43 ph\u00fat tr\u01b0\u1edbc", "stt": "40", "publish_time": "04/09/2018"}, {"href": "http://kenh14.vn/quan-doan-idol-do-bo-san-bay-center-produce-48-qua-dep-nhung-nhan-sac-hack-tuoi-cua-taeyeon-moi-gay-soc-20180904115932002.chn", "topic": "Qu\u00e2n \u0111o\u00e0n idol \u0111\u1ed5 b\u1ed9 s\u00e2n bay: Center \"Produce 48\" qu\u00e1 \u0111\u1eb9p nh\u01b0ng nhan s\u1eafc \"hack tu\u1ed5i\" c\u1ee7a Taeyeon m\u1edbi g\u00e2y s\u1ed1c", "newspaper": "Kenh14.vn", "update_time": "43 ph\u00fat tr\u01b0\u1edbc", "stt": "41", "publish_time": "04/09/2018"}, {"href": "http://kenh14.vn/mac-vay-nhu-cong-chua-nhung-ngoc-trinh-lai-co-mot-dang-ngoi-kem-sang-vo-cung-2018090415172033.chn", "topic": "M\u1eb7c v\u00e1y nh\u01b0 c\u00f4ng ch\u00faa nh\u01b0ng Ng\u1ecdc Trinh l\u1ea1i c\u00f3 m\u1ed9t d\u00e1ng ng\u1ed3i k\u00e9m sang v\u00f4 c\u00f9ng", "newspaper": "Kenh14.vn", "update_time": "43 ph\u00fat tr\u01b0\u1edbc", "stt": "42", "publish_time": "04/09/2018"}, {"href": "http://kenh14.vn/chang-ngai-shaun-hay-bts-sunmi-diet-sach-bxh-trong-nuoc-tro-thanh-doi-thu-dang-gom-nhat-cua-snsd-ohgg-20180904220102497.chn", "topic": "Ch\u1eb3ng ng\u1ea1i SHAUN hay BTS, Sunmi \u201cdi\u1ec7t s\u1ea1ch\u201d BXH trong n\u01b0\u1edbc, tr\u1edf th\u00e0nh \u0111\u1ed1i th\u1ee7 \u0111\u00e1ng g\u1eddm nh\u1ea5t c\u1ee7a SNSD-Oh!GG", "newspaper": "Kenh14.vn", "update_time": "43 ph\u00fat tr\u01b0\u1edbc", "stt": "43", "publish_time": "04/09/2018"}, {"href": "http://kenh14.vn/bo-ho-nguyen-chong-lai-ca-dong-ho-de-dat-con-ruot-ho-mai-vi-mot-ly-do-khong-ai-ngo-toi-20180903223957834.chn", "topic": "B\u1ed1 h\u1ecd Nguy\u1ec5n ch\u1ed1ng l\u1ea1i c\u1ea3 d\u00f2ng h\u1ecd \u0111\u1ec3 \u0111\u1eb7t con ru\u1ed9t h\u1ecd Mai v\u00ec m\u1ed9t l\u00fd do kh\u00f4ng ai ...", "newspaper": "Kenh14.vn", "update_time": "43 ph\u00fat tr\u01b0\u1edbc", "stt": "44", "publish_time": "04/09/2018"}, {"href": "http://kenh14.vn/smartphone-cua-ban-bi-giat-lag-nhanh-nong-va-pin-tut-nhanh-co-the-may-ban-da-dinh-ma-doc-dao-tien-ao-roi-20180904235931559.chn", "topic": "Smartphone c\u1ee7a b\u1ea1n b\u1ecb gi\u1eadt lag, nhanh n\u00f3ng v\u00e0 pin t\u1ee5t nhanh? C\u00f3 th\u1ec3 m\u00e1y b\u1ea1n \u0111\u00e3 d\u00ednh m\u00e3 \u0111\u1ed9c \u0111\u00e0o ti\u1ec1n \u1ea3o r\u1ed3i", "newspaper": "Kenh14.vn", "update_time": "43 ph\u00fat tr\u01b0\u1edbc", "stt": "45", "publish_time": "05/09/2018"}, {"href": "http://www.dantri.com.vn/phap-luat/de-mat-190-ti-dong-giam-doc-ngan-hang-lanh-an-20180904212251748.htm", "topic": "\u0110\u1ec3 \u201cm\u1ea5t\u201d 190 t\u1ec9 \u0111\u1ed3ng, gi\u00e1m \u0111\u1ed1c ng\u00e2n h\u00e0ng l\u00e3nh \u00e1n", "newspaper": "D\u00e2n tr\u00ed", "update_time": "59 ph\u00fat tr\u01b0\u1edbc", "stt": "46", "publish_time": "05/09/2018"}, {"href": "http://www.dantri.com.vn/the-thao/cronaldo-tinh-tu-ben-ban-gai-xinh-dep-de-xua-di-noi-buon-tai-juventus-20180904224154887.htm", "topic": "C.Ronaldo t\u00ecnh t\u1ee9 b\u00ean b\u1ea1n g\u00e1i xinh \u0111\u1eb9p \u0111\u1ec3 xua \u0111i n\u1ed7i bu\u1ed3n t\u1ea1i Juventus", "newspaper": "D\u00e2n tr\u00ed", "update_time": "1 gi\u1edd tr\u01b0\u1edbc", "stt": "47", "publish_time": "05/09/2018"}, {"href": "http://www.dantri.com.vn/xa-hoi/bat-chap-nguy-hiem-nguoi-dan-ru-nhau-dao-mat-selfi-tren-cau-day-vang-made-in-viet-nam-20180904203305388.htm", "topic": "B\u1ea5t ch\u1ea5p nguy hi\u1ec3m, ng\u01b0\u1eddi d\u00e2n r\u1ee7 nhau \"d\u1ea1o m\u00e1t\", selfi tr\u00ean c\u1ea7u d\u00e2y v\u0103ng made-in Vi\u1ec7t Nam", "newspaper": "D\u00e2n tr\u00ed", "update_time": "1 gi\u1edd tr\u01b0\u1edbc", "stt": "48", "publish_time": "05/09/2018"}, {"href": "http://www.dantri.com.vn/xa-hoi/tan-diet-rung-thong-de-chiem-dat-20180904201214451.htm", "topic": "T\u1eadn di\u1ec7t r\u1eebng th\u00f4ng \u0111\u1ec3 chi\u1ebfm \u0111\u1ea5t", "newspaper": "D\u00e2n tr\u00ed", "update_time": "1 gi\u1edd tr\u01b0\u1edbc", "stt": "49", "publish_time": "05/09/2018"}, {"href": "http://kenh14.vn/la-chuyen-tinh-teen-my-nhung-to-all-the-boys-ive-loved-before-cuc-giong-phim-han-o-diem-nay-20180904162711481.chn", "topic": "L\u00e0 chuy\u1ec7n t\u00ecnh teen M\u1ef9 nh\u01b0ng \"To All The Boys I've Loved Before\" c\u1ef1c gi\u1ed1ng phim H\u00e0n \u1edf \u0111i\u1ec3m n\u00e0y", "newspaper": "Kenh14.vn", "update_time": "1 gi\u1edd tr\u01b0\u1edbc", "stt": "50", "publish_time": "05/09/2018"}, {"href": "http://kenh14.vn/chum-anh-le-hoi-hoang-dai-burning-man-2018-se-khien-ban-ngo-nhu-dang-lac-vao-mot-bo-phim-khoa-hoc-vien-tuong-2018090417443184.chn", "topic": "Ch\u00f9m \u1ea3nh: \"L\u1ec5 h\u1ed9i hoang d\u1ea1i\" Burning Man 2018 s\u1ebd khi\u1ebfn b\u1ea1n ng\u1ee1 nh\u01b0 \u0111ang l\u1ea1c v\u00e0o m\u1ed9t b\u1ed9 phim khoa h\u1ecdc vi\u1ec5n t\u01b0\u1edfng", "newspaper": "Kenh14.vn", "update_time": "1 gi\u1edd tr\u01b0\u1edbc", "stt": "51", "publish_time": "05/09/2018"}, {"href": "http://kenh14.vn/giua-tam-bao-deadline-here-we-go-quang-dai-van-vi-vu-khap-noi-va-gap-go-vo-tuong-lai-cua-justin-bieber-20180904220236309.chn", "topic": "Gi\u1eefa \"t\u00e2m b\u00e3o deadline\" Here We Go, Quang \u0110\u1ea1i v\u1eabn vi vu kh\u1eafp n\u01a1i v\u00e0 g\u1eb7p g\u1ee1 v\u1ee3 t\u01b0\u01a1ng lai c\u1ee7a Justin Bieber", "newspaper": "Kenh14.vn", "update_time": "1 gi\u1edd tr\u01b0\u1edbc", "stt": "52", "publish_time": "05/09/2018"}, {"href": "http://kenh14.vn/nhung-loai-vat-nay-thuc-su-xung-dang-co-mot-bo-phim-kinh-di-danh-rieng-cho-minh-20180902231830825.chn", "topic": "Nh\u1eefng lo\u00e0i v\u1eadt n\u00e0y th\u1ef1c s\u1ef1 x\u1ee9ng \u0111\u00e1ng c\u00f3 m\u1ed9t b\u1ed9 phim kinh d\u1ecb d\u00e0nh ri\u00eang cho m\u00ecnh", "newspaper": "Kenh14.vn", "update_time": "1 gi\u1edd tr\u01b0\u1edbc", "stt": "53", "publish_time": "05/09/2018"}, {"href": "http://kenh14.vn/xuan-truong-va-cuoc-canh-tranh-vi-tri-khoc-liet-tai-aff-cup-2018-20180902223510653.chn", "topic": "Xu\u00e2n Tr\u01b0\u1eddng v\u00e0 cu\u1ed9c c\u1ea1nh tranh v\u1ecb tr\u00ed kh\u1ed1c li\u1ec7t t\u1ea1i AFF Cup 2018", "newspaper": "Kenh14.vn", "update_time": "1 gi\u1edd tr\u01b0\u1edbc", "stt": "54", "publish_time": "05/09/2018"}, {"href": "http://kenh14.vn/thuyet-am-muu-cua-dan-mang-day-la-cach-ma-3-thanh-vien-da-roi-sm-xuat-hien-trong-teaser-moi-cua-snsd-2018090421574195.chn", "topic": "\"Thuy\u1ebft \u00e2m m\u01b0u\" c\u1ee7a d\u00e2n m\u1ea1ng: \u0110\u00e2y l\u00e0 c\u00e1ch m\u00e0 3 th\u00e0nh vi\u00ean \u0111\u00e3 r\u1eddi SM xu\u1ea5t hi\u1ec7n trong teaser m\u1edbi c\u1ee7a SNSD?", "newspaper": "Kenh14.vn", "update_time": "1 gi\u1edd tr\u01b0\u1edbc", "stt": "55", "publish_time": "05/09/2018"}, {"href": "http://kenh14.vn/gao-nep-gao-te-nhin-cong-thang-tay-tat-vo-nhan-tinh-ngoi-tren-o-to-sung-so-den-can-loi-20180904210224247.chn", "topic": "\"G\u1ea1o N\u1ebfp G\u1ea1o T\u1ebb\": Nh\u00ecn C\u00f4ng th\u1eb3ng tay t\u00e1t v\u1ee3, nh\u00e2n t\u00ecnh ng\u1ed3i tr\u00ean \u00f4 t\u00f4 s\u1eefng s\u1edd \u0111\u1ebfn c\u1ea1n l\u1eddi", "newspaper": "Kenh14.vn", "update_time": "1 gi\u1edd tr\u01b0\u1edbc", "stt": "56", "publish_time": "05/09/2018"}, {"href": "http://kenh14.vn/nang-beo-dang-yeu-brittanya-karma-tu-choi-hen-ho-rieng-voi-anh-chang-doc-than-201809042312307.chn", "topic": "\"N\u00e0ng b\u00e9o \u0111\u00e1ng y\u00eau\" Brittanya Karma t\u1eeb ch\u1ed1i h\u1eb9n h\u00f2 ri\u00eang v\u1edbi \"Anh ch\u00e0ng \u0111\u1ed9c th\u00e2n\"", "newspaper": "Kenh14.vn", "update_time": "1 gi\u1edd tr\u01b0\u1edbc", "stt": "57", "publish_time": "05/09/2018"}, {"href": "http://kenh14.vn/dung-de-bap-chan-to-tho-kech-vi-nhung-thoi-quen-xau-nay-20180905004409919.chn", "topic": "\u0110\u1eebng \u0111\u1ec3 b\u1eafp ch\u00e2n to th\u00f4 k\u1ec7ch v\u00ec nh\u1eefng th\u00f3i quen x\u1ea5u n\u00e0y", "newspaper": "Kenh14.vn", "update_time": "1 gi\u1edd tr\u01b0\u1edbc", "stt": "58", "publish_time": "05/09/2018"}, {"href": "http://kenh14.vn/sao-han-ngoan-hien-gap-phot-minh-tinh-bi-kien-nghi-xu-tu-hinh-loat-my-nhan-nhan-gach-da-vi-mot-ly-do-20180904222833372.chn", "topic": "Sao H\u00e0n ngoan hi\u1ec1n g\u1eb7p \"ph\u1ed1t\": Minh tinh b\u1ecb ki\u1ebfn ngh\u1ecb x\u1eed t\u1eed h\u00ecnh, lo\u1ea1t m\u1ef9 nh\u00e2n nh\u1eadn \"g\u1ea1ch \u0111\u00e1\" v\u00ec m\u1ed9t l\u00fd do", "newspaper": "Kenh14.vn", "update_time": "1 gi\u1edd tr\u01b0\u1edbc", "stt": "59", "publish_time": "05/09/2018"}, {"href": "http://kenh14.vn/lai-mot-mua-khai-truong-nua-da-den-ban-co-nho-ki-niem-dang-nho-nhat-cua-minh-ve-ngay-nay-la-gi-khong-20180904234602934.chn", "topic": "L\u1ea1i m\u1ed9t m\u00f9a khai tr\u01b0\u1eddng n\u1eefa \u0111\u00e3 \u0111\u1ebfn, b\u1ea1n c\u00f3 nh\u1edb k\u1ec9 ni\u1ec7m \u0111\u00e1ng nh\u1edb nh\u1ea5t c\u1ee7a m\u00ecnh v\u1ec1 ng\u00e0y n\u00e0y l\u00e0 g\u00ec kh\u00f4ng?", "newspaper": "Kenh14.vn", "update_time": "1 gi\u1edd tr\u01b0\u1edbc", "stt": "60", "publish_time": "05/09/2018"}, {"href": "http://kenh14.vn/hinh-anh-sieu-dang-yeu-thay-giao-miet-mai-la-ao-cho-hoc-sinh-de-ngay-mai-co-ao-dep-du-le-khai-giang-2018090416501545.chn", "topic": "H\u00ecnh \u1ea3nh si\u00eau \u0111\u00e1ng y\u00eau: Th\u1ea7y gi\u00e1o mi\u1ec7t m\u00e0i l\u00e0 \u00e1o cho h\u1ecdc sinh \u0111\u1ec3 c\u00f3 \u00e1o \u0111\u1eb9p d\u1ef1 l\u1ec5 khai gi\u1ea3ng", "newspaper": "Kenh14.vn", "update_time": "1 gi\u1edd tr\u01b0\u1edbc", "stt": "61", "publish_time": "05/09/2018"}, {"href": "http://kenh14.vn/phu-huynh-lo-ngai-truoc-bo-sach-tieng-viet-lop-1-cac-thanh-ngu-deu-nang-ne-bai-doc-thi-xia-xoi-nhieu-hon-la-giao-duc-20180904213123059.chn", "topic": "Ph\u1ee5 huynh lo ng\u1ea1i tr\u01b0\u1edbc b\u1ed9 s\u00e1ch Ti\u1ebfng Vi\u1ec7t l\u1edbp 1: \"C\u00e1c th\u00e0nh ng\u1eef \u0111\u1ec1u n\u1eb7ng n\u1ec1, b\u00e0i \u0111\u1ecdc th\u00ec x\u1ec9a x\u00f3i nhi\u1ec1u h\u01a1n l\u00e0 gi\u00e1o d\u1ee5c\"", "newspaper": "Kenh14.vn", "update_time": "1 gi\u1edd tr\u01b0\u1edbc", "stt": "62", "publish_time": "05/09/2018"}, {"href": "https://saostar.vn/dien-anh/nam-than-van-nguoi-me-yoo-seung-ho-tai-xuat-man-anh-nho-cung-jo-bo-ah-trong-phim-truyen-hinh-moi-3597832.html", "topic": "'Nam th\u1ea7n v\u1ea1n ng\u01b0\u1eddi m\u00ea' Yoo Seung Ho t\u00e1i xu\u1ea5t m\u00e0n \u1ea3nh nh\u1ecf c\u00f9ng Jo Bo Ah trong phim truy\u1ec1n h\u00ecnh m\u1edbi", "newspaper": "Saostar", "update_time": "1 gi\u1edd tr\u01b0\u1edbc", "stt": "63", "publish_time": "05/09/2018"}, {"href": "http://danviet.vn/lang-cuoi/noi-that-di-may-anh-co-the-nang-duoc-vo-nhu-the-nay-909847.html", "topic": "N\u00f3i th\u1eadt \u0111i, m\u1ea5y anh c\u00f3 th\u1ec3 n\u00e2ng \u0111\u01b0\u1ee3c v\u1ee3 nh\u01b0 th\u1ebf n\u00e0y!", "newspaper": "D\u00e2n Vi\u1ec7t", "update_time": "1 gi\u1edd tr\u01b0\u1edbc", "stt": "64", "publish_time": "05/09/2018"}, {"href": "http://danviet.vn/song-tre/chong-hot-girl-tra-sua-trung-quoc-bi-bat-vi-xam-hai-tinh-duc-909925.html", "topic": "Ch\u1ed3ng hot girl tr\u00e0 s\u1eefa Trung Qu\u1ed1c b\u1ecb b\u1eaft v\u00ec x\u00e2m h\u1ea1i t\u00ecnh d\u1ee5c", "newspaper": "D\u00e2n Vi\u1ec7t", "update_time": "1 gi\u1edd tr\u01b0\u1edbc", "stt": "65", "publish_time": "05/09/2018"}, {"href": "http://danviet.vn/dep/10-cach-mac-ao-cardigan-khien-chang-ngan-ngo-ngay-giao-mua-908078.html", "topic": "10 c\u00e1ch m\u1eb7c \u00e1o cardigan khi\u1ebfn ch\u00e0ng ng\u1ea9n ng\u01a1 ng\u00e0y giao m\u00f9a", "newspaper": "D\u00e2n Vi\u1ec7t", "update_time": "1 gi\u1edd tr\u01b0\u1edbc", "stt": "66", "publish_time": "05/09/2018"}, {"href": "http://danviet.vn/hau-truong-giai-tri/24h-hot-vo-sap-cuoi-cong-ly-bat-ngo-vi-cong-phuong-noi-dieu-nay-sau-hau-truong-909967.html", "topic": "24h Hot: V\u1ee3 s\u1eafp c\u01b0\u1edbi C\u00f4ng L\u00fd b\u1ea5t ng\u1edd v\u00ec C\u00f4ng Ph\u01b0\u1ee3ng n\u00f3i \u0111i\u1ec1u n\u00e0y...", "newspaper": "D\u00e2n Vi\u1ec7t", "update_time": "1 gi\u1edd tr\u01b0\u1edbc", "stt": "67", "publish_time": "05/09/2018"}, {"href": "http://danviet.vn/phap-luat/chan-dung-va-gia-canh-nghi-pham-gay-2-an-hiep-dam-trong-1-nam-910006.html", "topic": "Ch\u00e2n dung v\u00e0 gia c\u1ea3nh nghi ph\u1ea1m g\u00e2y 2 \u00e1n hi\u1ebfp d\u00e2m trong 1 n\u0103m", "newspaper": "D\u00e2n Vi\u1ec7t", "update_time": "1 gi\u1edd tr\u01b0\u1edbc", "stt": "68", "publish_time": "05/09/2018"}, {"href": "http://danviet.vn/giai-tri/24h-hot-vo-sap-cuoi-cong-ly-bat-ngo-vi-cong-phuong-noi-dieu-nay-sau-hau-truong-909967.html", "topic": "24h Hot: V\u1ee3 s\u1eafp c\u01b0\u1edbi C\u00f4ng L\u00fd b\u1ea5t ng\u1edd v\u00ec C\u00f4ng Ph\u01b0\u1ee3ng n\u00f3i \u0111i\u1ec1u n\u00e0y...", "newspaper": "D\u00e2n Vi\u1ec7t", "update_time": "1 gi\u1edd tr\u01b0\u1edbc", "stt": "69", "publish_time": "05/09/2018"}, {"href": "http://danviet.vn/the-gioi/may-bay-lan-dau-bay-cao-den-muc-mau-nguoi-soi-sung-suc-909798.html", "topic": "M\u00e1y bay l\u1ea7n \u0111\u1ea7u bay cao \u0111\u1ebfn m\u1ee9c m\u00e1u ng\u01b0\u1eddi s\u00f4i \u201cs\u00f9ng s\u1ee5c\u201d", "newspaper": "D\u00e2n Vi\u1ec7t", "update_time": "1 gi\u1edd tr\u01b0\u1edbc", "stt": "70", "publish_time": "05/09/2018"}, {"href": "http://danviet.vn/tin-tuc/vuot-lu-don-khai-giang-som-909985.html", "topic": "V\u01b0\u1ee3t l\u0169 \u0111\u00f3n khai gi\u1ea3ng s\u1edbm", "newspaper": "D\u00e2n Vi\u1ec7t", "update_time": "1 gi\u1edd tr\u01b0\u1edbc", "stt": "71", "publish_time": "05/09/2018"}, {"href": "https://vnexpress.net/tin-tuc/cuoi/anh/nhung-anh-hai-huoc-trong-ngay-3803075.html", "topic": "Nh\u1eefng \u1ea3nh h\u00e0i h\u01b0\u1edbc trong ng\u00e0y", "newspaper": "Vnexpress", "update_time": "1 gi\u1edd tr\u01b0\u1edbc", "stt": "72", "publish_time": "05/09/2018"}, {"href": "https://vnexpress.net/tin-tuc/cuoi/anh/kho-do-voi-nhung-con-nguoi-chat-nhat-qua-dat-3757257.html", "topic": "Kh\u00f3 \u0111\u1ee1 v\u1edbi nh\u1eefng con ng\u01b0\u1eddi 'ch\u1ea5t nh\u1ea5t qu\u1ea3 \u0111\u1ea5t'", "newspaper": "Vnexpress", "update_time": "1 gi\u1edd tr\u01b0\u1edbc", "stt": "73", "publish_time": "05/09/2018"}, {"href": "https://vnexpress.net/tin-tuc/cuoi/tai-sao-cac-cao-thu-an-minh-trong-cung-deu-la-cong-cong-3800683.html", "topic": "T\u1ea1i sao c\u00e1c cao th\u1ee7 \u1ea9n m\u00ecnh trong cung \u0111\u1ec1u l\u00e0 c\u00f4ng c\u00f4ng?", "newspaper": "Vnexpress", "update_time": "1 gi\u1edd tr\u01b0\u1edbc", "stt": "74", "publish_time": "05/09/2018"}, {"href": "https://vnexpress.net/tin-tuc/khoa-hoc/hoi-dap/sung-te-giac-bi-cua-se-moc-lai-nhu-the-nao-3803312.html", "topic": "S\u1eebng t\u00ea gi\u00e1c b\u1ecb c\u01b0a s\u1ebd m\u1ecdc l\u1ea1i nh\u01b0 th\u1ebf n\u00e0o?", "newspaper": "Vnexpress", "update_time": "1 gi\u1edd tr\u01b0\u1edbc", "stt": "75", "publish_time": "05/09/2018"}, {"href": "https://giaitri.vnexpress.net/tin-tuc/gioi-sao/trong-nuoc/lam-khanh-chi-vo-chong-toi-tang-nhau-xe-sh-tui-hermes-3801023.html", "topic": "L\u00e2m Kh\u00e1nh Chi: 'V\u1ee3 ch\u1ed3ng t\u00f4i t\u1eb7ng nhau xe SH, t\u00fai Hermes'", "newspaper": "Vnexpress", "update_time": "1 gi\u1edd tr\u01b0\u1edbc", "stt": "76", "publish_time": "05/09/2018"}, {"href": "https://vnexpress.net/tin-tuc/phap-luat/ho-so-pha-an/thieu-phu-mat-tich-bi-an-3803113.html", "topic": "Thi\u1ebfu ph\u1ee5 m\u1ea5t t\u00edch b\u00ed \u1ea9n", "newspaper": "Vnexpress", "update_time": "1 gi\u1edd tr\u01b0\u1edbc", "stt": "77", "publish_time": "05/09/2018"}, {"href": "https://sohoa.vnexpress.net/photo/san-pham/loat-smartphone-gia-chua-toi-mot-trieu-dong-o-viet-nam-3803153.html", "topic": "Lo\u1ea1t smartphone gi\u00e1 ch\u01b0a t\u1edbi m\u1ed9t tri\u1ec7u \u0111\u1ed3ng \u1edf Vi\u1ec7t Nam", "newspaper": "Vnexpress", "update_time": "1 gi\u1edd tr\u01b0\u1edbc", "stt": "78", "publish_time": "05/09/2018"}, {"href": "https://suckhoe.vnexpress.net/tin-tuc/cac-benh/thieu-ngu-tan-pha-co-the-nhu-the-nao-3802616.html", "topic": "Thi\u1ebfu ng\u1ee7 t\u00e0n ph\u00e1 c\u01a1 th\u1ec3 nh\u01b0 th\u1ebf n\u00e0o", "newspaper": "Vnexpress", "update_time": "1 gi\u1edd tr\u01b0\u1edbc", "stt": "79", "publish_time": "05/09/2018"}, {"href": "https://vnexpress.net/tin-tuc/giao-duc/phu-huynh-ha-noi-phan-anh-truong-thu-8-trieu-dau-nam-hoc-3803323.html", "topic": "Ph\u1ee5 huynh H\u00e0 N\u1ed9i ph\u1ea3n \u00e1nh tr\u01b0\u1eddng thu 8 tri\u1ec7u \u0111\u1ea7u n\u0103m h\u1ecdc", "newspaper": "Vnexpress", "update_time": "1 gi\u1edd tr\u01b0\u1edbc", "stt": "80", "publish_time": "05/09/2018"}, {"href": "https://vnexpress.net/tin-tuc/the-gioi/quan-su/vu-khi-giup-nga-be-gay-don-phu-dau-bang-ten-lua-dan-dao-my-3802845.html", "topic": "V\u0169 kh\u00ed gi\u00fap Nga b\u1ebb g\u1eaby \u0111\u00f2n ph\u1ee7 \u0111\u1ea7u b\u1eb1ng t\u00ean l\u1eeda \u0111\u1ea1n \u0111\u1ea1o M\u1ef9", "newspaper": "Vnexpress", "update_time": "1 gi\u1edd tr\u01b0\u1edbc", "stt": "81", "publish_time": "05/09/2018"}, {"href": "http://www.vietnamnet.vn/vn/the-gioi/the-gioi-do-day/phu-huynh-nga-ngua-voi-man-mua-cot-trong-le-khai-giang-o-truong-mam-non-474850.html", "topic": "Tr\u01b0\u1eddng t\u1ed5 ch\u1ee9c m\u00faa c\u1ed9t m\u1eebng khai gi\u1ea3ng, ph\u1ee5 huynh s\u1ed1c", "newspaper": "Vietnamnet", "update_time": "1 gi\u1edd tr\u01b0\u1edbc", "stt": "82", "publish_time": "05/09/2018"}, {"href": "http://www.vietnamnet.vn/vn/the-gioi/the-gioi-24h-to-cao-chan-dong-vu-mh370-474908.html", "topic": "Th\u1ebf gi\u1edbi 24h: T\u1ed1 c\u00e1o ch\u1ea5n \u0111\u1ed9ng v\u1ee5 MH370", "newspaper": "Vietnamnet", "update_time": "1 gi\u1edd tr\u01b0\u1edbc", "stt": "83", "publish_time": "05/09/2018"}, {"href": "http://www.vietnamnet.vn/vn/giai-tri/thoi-trang/loat-anh-nong-bong-cua-gai-nganh-bi-ghet-nhat-quynh-bup-be-474883.html", "topic": "Lo\u1ea1t \u1ea3nh n\u00f3ng b\u1ecfng c\u1ee7a 'g\u00e1i ng\u00e0nh' b\u1ecb gh\u00e9t nh\u1ea5t phim Qu\u1ef3nh b\u00fap b\u00ea", "newspaper": "Vietnamnet", "update_time": "1 gi\u1edd tr\u01b0\u1edbc", "stt": "84", "publish_time": "05/09/2018"}, {"href": "http://vneconomy.vn/toan-canh-buc-tranh-thanh-lap-doanh-nghiep-thang-8-2018-20180904172411288.htm", "topic": "To\u00e0n c\u1ea3nh b\u1ee9c tranh th\u00e0nh l\u1eadp doanh nghi\u1ec7p th\u00e1ng 8/2018", "newspaper": "Th\u1eddi b\u00e1o kinh t\u1ebf VN", "update_time": "1 gi\u1edd tr\u01b0\u1edbc", "stt": "85", "publish_time": "05/09/2018"}, {"href": "http://vneconomy.vn/bo-sung-doi-tuong-tinh-gian-bien-che-20180904220318645.htm", "topic": "B\u1ed5 sung \u0111\u1ed1i t\u01b0\u1ee3ng tinh gi\u1ea3n bi\u00ean ch\u1ebf", "newspaper": "Th\u1eddi b\u00e1o kinh t\u1ebf VN", "update_time": "1 gi\u1edd tr\u01b0\u1edbc", "stt": "86", "publish_time": "05/09/2018"}, {"href": "http://vtv.vn/dong-su-kien/shark-tank-viet-nam-mua-2-177.htm", "topic": "Shark Tank Vi\u1ec7t Nam m\u00f9a 2", "newspaper": "VTV News", "update_time": "1 gi\u1edd tr\u01b0\u1edbc", "stt": "87", "publish_time": "18/08/2030"}, {"href": "http://vtv.vn/dong-su-kien/vtv-awards-2018-10.htm", "topic": "VTV Awards 2018", "newspaper": "VTV News", "update_time": "1 gi\u1edd tr\u01b0\u1edbc", "stt": "88", "publish_time": "18/08/2031"}, {"href": "http://plo.vn/the-thao/trong-nuoc/them-su-co-tay-dua-thang-giai-khong-duoc-vinh-danh-790966.html", "topic": "Th\u00eam s\u1ef1 c\u1ed1 tay \u0111ua th\u1eafng gi\u1ea3i kh\u00f4ng \u0111\u01b0\u1ee3c vinh danh", "newspaper": "Ph\u00e1p lu\u1eadt TP.HCM", "update_time": "1 gi\u1edd tr\u01b0\u1edbc", "stt": "89", "publish_time": "05/09/2018"}, {"href": "http://plo.vn/the-thao/trong-nuoc/them-su-co-tay-dua-thang-giai-khong-duoc-vinh-danh-790965.html", "topic": "Th\u00eam s\u1ef1 c\u1ed1 tay \u0111ua th\u1eafng gi\u1ea3i kh\u00f4ng \u0111\u01b0\u1ee3c vinh danh", "newspaper": "Ph\u00e1p lu\u1eadt TP.HCM", "update_time": "1 gi\u1edd tr\u01b0\u1edbc", "stt": "90", "publish_time": "05/09/2018"}, {"href": "http://plo.vn/do-thi/festival-bien-2018-nhieu-san-790953.html", "topic": "Festival bi\u1ec3n 2018: Nhi\u1ec1u \u2018s\u1ea1n\u2019", "newspaper": "Ph\u00e1p lu\u1eadt TP.HCM", "update_time": "1 gi\u1edd tr\u01b0\u1edbc", "stt": "91", "publish_time": "05/09/2018"}, {"href": "http://plo.vn/phap-luat/can-trong-thi-it-oan-sai-nhung-de-lot-toi-790956.html", "topic": "C\u1ea9n tr\u1ecdng th\u00ec \u00edt oan sai nh\u01b0ng d\u1ec5 l\u1ecdt t\u1ed9i", "newspaper": "Ph\u00e1p lu\u1eadt TP.HCM", "update_time": "1 gi\u1edd tr\u01b0\u1edbc", "stt": "92", "publish_time": "05/09/2018"}, {"href": "http://giaoducthoidai.vn/gia-dinh/nhung-sai-lam-khi-day-con-nhieu-phu-huynh-mac-phai-ma-khong-hay-biet-ton-thuong-tinh-than-cho-tre-la-co-that-3948392-l.html", "topic": "Nh\u1eefng sai l\u1ea7m khi d\u1ea1y con nhi\u1ec1u ph\u1ee5 huynh m\u1eafc ph\u1ea3i m\u00e0 kh\u00f4ng hay bi\u1ebft: T\u1ed5n th\u01b0\u01a1ng tinh th\u1ea7n cho tr\u1ebb l\u00e0 c\u00f3 th\u1eadt", "newspaper": "Gi\u00e1o d\u1ee5c th\u1eddi \u0111\u1ea1i", "update_time": "1 gi\u1edd tr\u01b0\u1edbc", "stt": "93", "publish_time": "05/09/2018"}, {"href": "http://giaoducthoidai.vn/gia-dinh/11-mui-tiem-quan-trong-cho-be-truoc-6-tuoi-bo-me-can-nho-3948391-l.html", "topic": "11 m\u0169i ti\u00eam quan tr\u1ecdng cho b\u00e9 tr\u01b0\u1edbc 6 tu\u1ed5i b\u1ed1 m\u1eb9 c\u1ea7n nh\u1edb", "newspaper": "Gi\u00e1o d\u1ee5c th\u1eddi \u0111\u1ea1i", "update_time": "1 gi\u1edd tr\u01b0\u1edbc", "stt": "94", "publish_time": "05/09/2018"}, {"href": "http://giaoducthoidai.vn/gia-dinh/mach-ban-3-cach-duoi-chuot-trong-nha-tu-nhien-hieu-qua-3948393-l.html", "topic": "M\u00e1ch b\u1ea1n 3 c\u00e1ch \u0111u\u1ed5i chu\u1ed9t trong nh\u00e0 t\u1ef1 nhi\u00ean, hi\u1ec7u qu\u1ea3", "newspaper": "Gi\u00e1o d\u1ee5c th\u1eddi \u0111\u1ea1i", "update_time": "1 gi\u1edd tr\u01b0\u1edbc", "stt": "95", "publish_time": "05/09/2018"}, {"href": "http://giaoducthoidai.vn/gia-dinh/2-dac-diem-tinh-cach-cua-tre-can-sua-doi-ngay-neu-bo-me-khong-muon-con-minh-lon-len-thua-kem-ban-be-3948396-l.html", "topic": "2 \u0111\u1eb7c \u0111i\u1ec3m t\u00ednh c\u00e1ch c\u1ee7a tr\u1ebb c\u1ea7n s\u1eeda \u0111\u1ed5i ngay n\u1ebfu b\u1ed1 m\u1eb9 kh\u00f4ng mu\u1ed1n con m\u00ecnh l\u1edbn l\u00ean thua k\u00e9m b\u1ea1n b\u00e8", "newspaper": "Gi\u00e1o d\u1ee5c th\u1eddi \u0111\u1ea1i", "update_time": "1 gi\u1edd tr\u01b0\u1edbc", "stt": "96", "publish_time": "05/09/2018"}, {"href": "http://giaoducthoidai.vn/gia-dinh/cach-tam-nang-cho-tre-so-sinh-dung-nhat-me-nen-biet-3948394-l.html", "topic": "C\u00e1ch t\u1eafm n\u1eafng cho tr\u1ebb s\u01a1 sinh \u0111\u00fang nh\u1ea5t m\u1eb9 n\u00ean bi\u1ebft", "newspaper": "Gi\u00e1o d\u1ee5c th\u1eddi \u0111\u1ea1i", "update_time": "1 gi\u1edd tr\u01b0\u1edbc", "stt": "97", "publish_time": "05/09/2018"}, {"href": "http://giaoducthoidai.vn/suc-khoe/2-cach-tri-gau-vo-cung-hieu-qua-voi-bia-3948379-l.html", "topic": "2 c\u00e1ch tr\u1ecb g\u00e0u v\u00f4 c\u00f9ng hi\u1ec7u qu\u1ea3 v\u1edbi bia", "newspaper": "Gi\u00e1o d\u1ee5c th\u1eddi \u0111\u1ea1i", "update_time": "1 gi\u1edd tr\u01b0\u1edbc", "stt": "98", "publish_time": "05/09/2018"}, {"href": "http://giaoducthoidai.vn/suc-khoe/mot-so-chat-trong-qua-du-du-co-the-gay-phan-ung-phu-neu-an-qua-nhieu-3948382-l.html", "topic": "M\u1ed9t s\u1ed1 ch\u1ea5t trong qu\u1ea3 \u0111u \u0111\u1ee7 c\u00f3 th\u1ec3 g\u00e2y 'ph\u1ea3n \u1ee9ng ph\u1ee5' n\u1ebfu \u0103n qu\u00e1 nhi\u1ec1u", "newspaper": "Gi\u00e1o d\u1ee5c th\u1eddi \u0111\u1ea1i", "update_time": "1 gi\u1edd tr\u01b0\u1edbc", "stt": "99", "publish_time": "05/09/2018"}, {"href": "http://giaoducthoidai.vn/suc-khoe/nhung-cong-dung-bat-ngo-cua-sap-ne-3948386-l.html", "topic": "Nh\u1eefng c\u00f4ng d\u1ee5ng b\u1ea5t ng\u1edd c\u1ee7a s\u00e1p n\u1ebb", "newspaper": "Gi\u00e1o d\u1ee5c th\u1eddi \u0111\u1ea1i", "update_time": "1 gi\u1edd tr\u01b0\u1edbc", "stt": "100", "publish_time": "05/09/2018"}, {"href": "http://giaoducthoidai.vn/suc-khoe/bieu-hien-co-the-chua-vi-khuan-gay-ung-thu-da-day-3948387-l.html", "topic": "Bi\u1ec3u hi\u1ec7n c\u01a1 th\u1ec3 'ch\u1ee9a' vi khu\u1ea9n g\u00e2y ung th\u01b0 d\u1ea1 d\u00e0y", "newspaper": "Gi\u00e1o d\u1ee5c th\u1eddi \u0111\u1ea1i", "update_time": "1 gi\u1edd tr\u01b0\u1edbc", "stt": "101", "publish_time": "05/09/2018"}, {"href": "http://giaoducthoidai.vn/suc-khoe/3-cach-nau-hoa-atiso-vua-ngon-vua-chua-benh-gan-hieu-qua-3948388-l.html", "topic": "3 c\u00e1ch n\u1ea5u hoa atiso v\u1eeba ngon v\u1eeba ch\u1eefa b\u1ec7nh gan hi\u1ec7u qu\u1ea3", "newspaper": "Gi\u00e1o d\u1ee5c th\u1eddi \u0111\u1ea1i", "update_time": "1 gi\u1edd tr\u01b0\u1edbc", "stt": "102", "publish_time": "05/09/2018"}, {"href": "https://nld.com.vn/van-nghe/nsnd-hong-van-nghe-si-tre-dung-ham-so-ma-bo-san-khau-2018090408162216.htm", "topic": "NSND H\u1ed3ng V\u00e2n: Ngh\u1ec7 s\u0129 tr\u1ebb \u0111\u1eebng ham s\u00f4 m\u00e0 b\u1ecf s\u00e2n kh\u1ea5u!", "newspaper": "Ng\u01b0\u1eddi Lao \u0111\u1ed9ng", "update_time": "1 gi\u1edd tr\u01b0\u1edbc", "stt": "103", "publish_time": "05/09/2018"}, {"href": "http://soha.vn/giroud-ghi-diem-am-tham-trong-ngay-chelsea-da-bai-ke-tung-lam-kho-man-united-20180311075109435.htm", "topic": "Giroud ghi \u0111i\u1ec3m \u00e2m th\u1ea7m trong ng\u00e0y Chelsea \u0111\u1ea3 b\u1ea1i k\u1ebb t\u1eebng l\u00e0m kh\u00f3 Man United", "newspaper": "Soha.vn", "update_time": "352 ng\u00e0y tr\u01b0\u1edbc", "stt": "104", "publish_time": "03/11/2018"}, {"href": "http://soha.vn/trai-dep-han-quoc-lap-cu-dup-tottenham-soan-ngoi-liverpool-20180312012347478.htm", "topic": "\"Trai \u0111\u1eb9p\" H\u00e0n Qu\u1ed1c l\u1eadp c\u00fa \u0111\u00fap, Tottenham so\u00e1n ng\u00f4i Liverpool", "newspaper": "Soha.vn", "update_time": "352 ng\u00e0y tr\u01b0\u1edbc", "stt": "105", "publish_time": "03/12/2018"}, {"href": "http://soha.vn/mourinho-da-voi-sevilla-va-brighton-con-quan-trong-hon-liverpool-20180312082704931.htm", "topic": "Mourinho: \"\u0110\u00e1 v\u1edbi Sevilla v\u00e0 Brighton c\u00f2n quan tr\u1ecdng h\u01a1n Liverpool\"", "newspaper": "Soha.vn", "update_time": "352 ng\u00e0y tr\u01b0\u1edbc", "stt": "106", "publish_time": "03/12/2018"}, {"href": "http://soha.vn/mourinho-trao-quyen-loi-dac-biet-cho-hoang-tu-cham-chi-cua-old-trafford-20180312150632305.htm", "topic": "Mourinho trao quy\u1ec1n l\u1ee3i \u0111\u1eb7c bi\u1ec7t cho \"ho\u00e0ng t\u1eed ch\u0103m ch\u1ec9\" c\u1ee7a Old Trafford", "newspaper": "Soha.vn", "update_time": "352 ng\u00e0y tr\u01b0\u1edbc", "stt": "107", "publish_time": "03/12/2018"}, {"href": "http://soha.vn/chieu-lua-hang-tram-ty-cua-dai-gia-chuoi-nha-hang-karaoke-tai-ha-noi-20180312143303868.htm", "topic": "Chi\u00eau l\u1eeba h\u00e0ng tr\u0103m t\u1ef7 c\u1ee7a \"\u0111\u1ea1i gia\" chu\u1ed7i nh\u00e0 h\u00e0ng, karaoke t\u1ea1i H\u00e0 N\u1ed9i", "newspaper": "Soha.vn", "update_time": "352 ng\u00e0y tr\u01b0\u1edbc", "stt": "108", "publish_time": "03/12/2018"}, {"href": "http://soha.vn/can-canh-biet-thu-sai-phep-cua-gia-dinh-cuu-cuc-truong-c50-20180312134739914.htm", "topic": "C\u1eadn c\u1ea3nh bi\u1ec7t th\u1ef1 sai ph\u00e9p c\u1ee7a gia \u0111\u00ecnh c\u1ef1u C\u1ee5c tr\u01b0\u1edfng C50", "newspaper": "Soha.vn", "update_time": "352 ng\u00e0y tr\u01b0\u1edbc", "stt": "109", "publish_time": "03/12/2018"}, {"href": "http://soha.vn/clip-co-gai-an-mac-ho-henh-hat-trong-dam-cuoi-khien-cac-nhac-cong-xau-ho-20180312145437571.htm", "topic": "CLIP: C\u00f4 g\u00e1i \u0103n m\u1eb7c h\u1edb h\u00eanh h\u00e1t trong \u0111\u00e1m c\u01b0\u1edbi khi\u1ebfn c\u00e1c nh\u1ea1c c\u00f4ng kh\u00f4ng d\u00e1m nh\u00ecn", "newspaper": "Soha.vn", "update_time": "352 ng\u00e0y tr\u01b0\u1edbc", "stt": "110", "publish_time": "03/12/2018"}, {"href": "http://soha.vn/sao-phim-18-thai-lan-bo-chong-ty-phu-u80-cong-khai-yeu-ban-gai-nguoi-viet-20180312151008586.htm", "topic": "Sao phim 18+ Th\u00e1i Lan b\u1ecf ch\u1ed3ng t\u1ef7 ph\u00fa U80, c\u00f4ng khai y\u00eau b\u1ea1n g\u00e1i ng\u01b0\u1eddi Vi\u1ec7t", "newspaper": "Soha.vn", "update_time": "352 ng\u00e0y tr\u01b0\u1edbc", "stt": "111", "publish_time": "03/12/2018"}, {"href": "http://soha.vn/scandal-au-dam-toi-te-nhat-nuoc-anh-gan-1000-be-gai-bi-hanh-ha-cuong-buc-va-ban-lam-gai-mai-dam-20180312100708821.htm", "topic": "Scandal \u1ea5u d\u00e2m t\u1ed3i t\u1ec7 nh\u1ea5t n\u01b0\u1edbc Anh: G\u1ea7n 1.000 b\u00e9 g\u00e1i b\u1ecb h\u00e0nh h\u1ea1, c\u01b0\u1ee1ng b\u1ee9c v\u00e0 b\u00e1n l\u00e0m g\u00e1i m\u1ea1i d\u00e2m", "newspaper": "Soha.vn", "update_time": "352 ng\u00e0y tr\u01b0\u1edbc", "stt": "112", "publish_time": "03/12/2018"}, {"href": "http://soha.vn/clip-xe-khach-45-cho-dam-truc-dien-vao-xe-16-cho-khien-tat-ca-hoang-hot-20180312123840649.htm", "topic": "Clip: Xe kh\u00e1ch 45 ch\u1ed7 \u0111\u00e2m tr\u1ef1c di\u1ec7n v\u00e0o xe 16 ch\u1ed7 khi\u1ebfn t\u1ea5t c\u1ea3 ho\u1ea3ng h\u1ed1t", "newspaper": "Soha.vn", "update_time": "352 ng\u00e0y tr\u01b0\u1edbc", "stt": "113", "publish_time": "03/12/2018"}, {"href": "http://soha.vn/csgt-bi-tong-nguy-kich-trong-dem-khi-ra-hieu-dung-xe-vi-pham-20180312124304571.htm", "topic": "CSGT b\u1ecb t\u00f4ng nguy k\u1ecbch trong \u0111\u00eam khi ra hi\u1ec7u d\u1eebng xe vi ph\u1ea1m", "newspaper": "Soha.vn", "update_time": "352 ng\u00e0y tr\u01b0\u1edbc", "stt": "114", "publish_time": "03/12/2018"}, {"href": "http://soha.vn/giai-thuong-khung-ma-huong-giang-nhan-duoc-khi-tro-thanh-tan-hoa-hau-chuyen-gioi-quoc-te-2018-20180312103930602.htm", "topic": "Gi\u1ea3i th\u01b0\u1edfng \"kh\u1ee7ng\" m\u00e0 H\u01b0\u01a1ng Giang nh\u1eadn \u0111\u01b0\u1ee3c khi tr\u1edf th\u00e0nh T\u00e2n Hoa h\u1eadu Chuy\u1ec3n gi\u1edbi Qu\u1ed1c t\u1ebf 2018", "newspaper": "Soha.vn", "update_time": "352 ng\u00e0y tr\u01b0\u1edbc", "stt": "115", "publish_time": "03/12/2018"}, {"href": "http://soha.vn/dinh-don-hoi-ma-thuong-u16-viet-nam-ngam-ngui-nhin-indonesia-len-ngoi-vo-dich-20180312135740711.htm", "topic": "D\u00ednh \u0111\u00f2n \"h\u1ed3i m\u00e3 th\u01b0\u01a1ng\", U16 Vi\u1ec7t Nam ng\u1eadm ng\u00f9i nh\u00ecn Indonesia l\u00ean ng\u00f4i v\u00f4 \u0111\u1ecbch", "newspaper": "Soha.vn", "update_time": "352 ng\u00e0y tr\u01b0\u1edbc", "stt": "116", "publish_time": "03/12/2018"}, {"href": "http://soha.vn/ong-nguyen-thanh-hoa-tham-gia-duong-day-danh-bac-nghin-ty-the-nao-20180312141436289.htm", "topic": "\u00d4ng Nguy\u1ec5n Thanh H\u00f3a tham gia \u0111\u01b0\u1eddng d\u00e2y \u0111\u00e1nh b\u1ea1c ngh\u00ecn t\u1ef7 th\u1ebf n\u00e0o?", "newspaper": "Soha.vn", "update_time": "352 ng\u00e0y tr\u01b0\u1edbc", "stt": "117", "publish_time": "03/12/2018"}, {"href": "http://soha.vn/khoanh-khac-dung-tim-bi-tan-cong-tren-bau-troi-chechnya-ong-putin-tuong-la-phao-hoa-20180312113908133.htm", "topic": "Kho\u1ea3nh kh\u1eafc \u0111\u1ee9ng tim: B\u1ecb t\u1ea5n c\u00f4ng tr\u00ean b\u1ea7u tr\u1eddi Chechnya, \u00f4ng Putin t\u01b0\u1edfng l\u00e0 ph\u00e1o hoa", "newspaper": "Soha.vn", "update_time": "352 ng\u00e0y tr\u01b0\u1edbc", "stt": "118", "publish_time": "03/12/2018"}, {"href": "http://soha.vn/chan-dung-ong-trum-phan-sao-nam-trong-vu-cuu-cuc-truong-c50-nguyen-thanh-hoa-bi-bat-20180312085130322.htm", "topic": "Ch\u00e2n dung \"\u00f4ng tr\u00f9m\" Phan S\u00e0o Nam trong v\u1ee5 c\u1ef1u C\u1ee5c tr\u01b0\u1edfng C50 Nguy\u1ec5n Thanh H\u00f3a b\u1ecb b\u1eaft", "newspaper": "Soha.vn", "update_time": "352 ng\u00e0y tr\u01b0\u1edbc", "stt": "119", "publish_time": "03/12/2018"}, {"href": "http://soha.vn/dang-pha-do-biet-thu-sai-phep-cua-cuc-cuc-truong-nguyen-thanh-hoa-2018031215060493.htm", "topic": "Livestream: \u0110ang ph\u00e1 d\u1ee1 ph\u1ea7n sai ph\u00e9p bi\u1ec7t th\u1ef1 c\u1ee7a c\u1ef1u C\u1ee5c tr\u01b0\u1edfng Nguy\u1ec5n Thanh H\u00f3a", "newspaper": "Soha.vn", "update_time": "352 ng\u00e0y tr\u01b0\u1edbc", "stt": "120", "publish_time": "03/12/2018"}]}