{"data": [{"keywords": [{"keyword": "", "count": 1}, {"keyword": "t\u1ed5ng b\u00ed th\u01b0", "count": 1}, {"keyword": "c\u1ee5c tr\u01b0\u1edfng", "count": 3}, {"keyword": "putin", "count": 1}], "category": "Ch\u00ednh tr\u1ecb"}, {"keywords": [{"keyword": "", "count": 1}, {"keyword": "doanh nghi\u1ec7p", "count": 1}, {"keyword": "ti\u1ec1n \u1ea3o", "count": 1}, {"keyword": "ng\u00e2n h\u00e0ng", "count": 1}, {"keyword": "\u00f4 t\u00f4", "count": 2}, {"keyword": "lao \u0111\u1ed9ng", "count": 1}], "category": "Kinh t\u1ebf"}, {"keywords": [{"keyword": "", "count": 1}, {"keyword": "l\u1ec5 h\u1ed9i", "count": 1}, {"keyword": "gia \u0111\u00ecnh", "count": 1}, {"keyword": "h\u1ecdc sinh", "count": 1}, {"keyword": "ph\u1ee5 huynh", "count": 4}, {"keyword": "hi\u1ebfp d\u00e2m", "count": 1}], "category": "V\u0103n h\u00f3a X\u00e3 h\u1ed9i"}, {"keywords": [{"keyword": "", "count": 1}, {"keyword": "m\u00e1y bay", "count": 1}, {"keyword": "smartphone", "count": 2}], "category": "Khoa h\u1ecdc C\u00f4ng ngh\u1ec7"}, {"keywords": [{"keyword": "", "count": 1}], "category": "An ninh Qu\u1ed1c ph\u00f2ng"}, {"keywords": [{"keyword": "gia \u0111\u00ecnh", "count": 1}, {"keyword": "ung th\u01b0", "count": 1}], "category": "S\u1ee9c kh\u1ecfe \u0110\u1eddi s\u1ed1ng"}, {"keywords": [{"keyword": "ronaldo", "count": 1}, {"keyword": "liverpool", "count": 2}, {"keyword": "chelsea", "count": 1}], "category": "Th\u1ec3 thao Gi\u1ea3i tr\u00ed"}, {"keywords": [{"keyword": "", "count": 1}, {"keyword": "vi\u1ec7t nam", "count": 2}, {"keyword": "nga", "count": 4}, {"keyword": "m\u1ef9", "count": 4}, {"keyword": "h\u00e0n qu\u1ed1c", "count": 1}], "category": "Qu\u1ed1c gia"}, {"keywords": [{"keyword": "", "count": 1}, {"keyword": "h\u00e0 n\u1ed9i", "count": 2}, {"keyword": "\u0111\u00e0 n\u1eb5ng", "count": 1}], "category": "\u0110\u1ecba ph\u01b0\u01a1ng"}, {"keywords": [], "category": "S\u1ef1 ki\u1ec7n n\u1ed5i b\u1eadt"}, {"keywords": [{"keyword": "putin", "count": 1}], "category": "Nh\u00e2n v\u1eadt"}, {"keywords": [], "category": "\u0110\u1ecba danh"}, {"keywords": [], "category": "T\u00e1c ph\u1ea9m"}, {"keywords": [{"keyword": "b\u1ed5 sung", "count": 1}, {"keyword": "suv", "count": 1}, {"keyword": "hay bi\u1ebft", "count": 1}, {"keyword": "ga", "count": 2}, {"keyword": "d\u1ea1 d\u00e0y", "count": 1}, {"keyword": "awards", "count": 1}, {"keyword": "d\u00e1ng", "count": 1}, {"keyword": "ph\u00e1t tri\u1ec3n", "count": 1}, {"keyword": "s\u00e2u s\u1eafc", "count": 1}, {"keyword": "b\u1ecf ch\u1ed3ng", "count": 1}, {"keyword": "tr\u1ea3 th\u00f9", "count": 1}, {"keyword": "l\u1ea1c", "count": 2}, {"keyword": "b\u1ea5t ch\u1ea5p", "count": 1}, {"keyword": "rung rinh", "count": 1}, {"keyword": "ch\u1ea5n \u0111\u1ed9ng", "count": 1}, {"keyword": "m\u1ef9 nh\u00e2n", "count": 1}, {"keyword": "ne", "count": 1}, {"keyword": "d\u00e2y", "count": 1}, {"keyword": "shark tank", "count": 1}, {"keyword": "th\u00eau", "count": 1}, {"keyword": "scandal", "count": 1}, {"keyword": "l\u00e0m kh\u00f3", "count": 1}, {"keyword": "mi\u1ec7t m\u00e0i", "count": 1}, {"keyword": "m\u1ecdc", "count": 1}, {"keyword": "ch\u1eb3ng", "count": 1}, {"keyword": "v\u1ee3 ch\u1ed3ng", "count": 1}, {"keyword": "ch\u1ec9 tr\u00edch", "count": 1}, {"keyword": "di\u1ec7t", "count": 2}, {"keyword": "vinh danh", "count": 2}, {"keyword": "kho\u1ea3nh kh\u1eafc", "count": 1}, {"keyword": "ch\u00ednh s\u00e1ch", "count": 2}, {"keyword": "th\u00f4ng", "count": 1}, {"keyword": "b\u1eafp ch\u00e2n", "count": 1}, {"keyword": "trung nguy\u00ean", "count": 1}, {"keyword": "nh\u00ecn", "count": 3}, {"keyword": "truy\u1ec1n h\u00ecnh", "count": 1}, {"keyword": "tranh", "count": 2}, {"keyword": "bieber", "count": 1}, {"keyword": "c\u1ed9ng \u0111\u1ed3ng", "count": 1}, {"keyword": "qu\u1ef3nh", "count": 1}, {"keyword": "tr\u1ecdng", "count": 1}, {"keyword": "th\u1ea3o", "count": 1}, {"keyword": "th\u00f3i quen", "count": 1}, {"keyword": "qu\u00e1", "count": 4}, {"keyword": "ph\u1ee5", "count": 1}, {"keyword": "minh tinh", "count": 1}, {"keyword": "c\u01a1 th\u1ec3", "count": 2}, {"keyword": "bom", "count": 1}, {"keyword": "n\u1eafng", "count": 1}, {"keyword": "t\u00e1i xu\u1ea5t", "count": 1}, {"keyword": "ph\u00ea ph\u00e1n", "count": 1}, {"keyword": "isaac", "count": 1}, {"keyword": "all", "count": 1}, {"keyword": "\u0111u\u1ed5i", "count": 1}, {"keyword": "\u0111\u1eb7c bi\u1ec7t", "count": 1}, {"keyword": "tinh th\u1ea7n", "count": 1}, {"keyword": "lo\u00e0i", "count": 1}, {"keyword": "s\u1ea1n", "count": 1}, {"keyword": "c\u00e0n long", "count": 1}, {"keyword": "m\u1edbi l\u1ea1", "count": 1}, {"keyword": "\u0111\u00fang", "count": 1}, {"keyword": "v\u0169 kh\u00ed", "count": 1}, {"keyword": "m\u1ed9t tri\u1ec7u", "count": 2}, {"keyword": "ch\u0103m ch\u1ec9", "count": 1}, {"keyword": "t\u00e0n ph\u00e1", "count": 1}, {"keyword": "ph\u00e1t s\u00f3ng", "count": 1}, {"keyword": "b\u1ed1", "count": 1}, {"keyword": "top", "count": 1}, {"keyword": "\u0111\u00f9ng \u0111\u00f9ng b\u1ecf", "count": 1}, {"keyword": "l\u1edbp", "count": 1}, {"keyword": "s\u1eebng", "count": 1}, {"keyword": "\u0111\u00eam", "count": 1}, {"keyword": "m\u00e1y", "count": 1}, {"keyword": "r\u1ee7", "count": 1}, {"keyword": "kh\u1edfi t\u1ed1", "count": 1}, {"keyword": "ng\u1ed3i", "count": 2}, {"keyword": "sinh vi\u00ean", "count": 1}, {"keyword": "d\u1eebng", "count": 1}, {"keyword": "\u00e2m m\u01b0u", "count": 1}, {"keyword": "g\u00e0u", "count": 1}, {"keyword": "s\u00e1p", "count": 1}, {"keyword": "old", "count": 1}, {"keyword": "kh\u1eafp n\u01a1i", "count": 1}, {"keyword": "ve loved", "count": 1}, {"keyword": "lo\u1ea1t", "count": 3}, {"keyword": "indonesia", "count": 1}, {"keyword": "gi\u1eadt", "count": 1}, {"keyword": "yoo", "count": 1}, {"keyword": "ng\u1eadp", "count": 1}, {"keyword": "b\u1ebb", "count": 1}, {"keyword": "quan h\u1ec7", "count": 2}, {"keyword": "brittanya", "count": 1}, {"keyword": "lewinsky", "count": 1}, {"keyword": "m\u1ee9c", "count": 1}, {"keyword": "ho\u00e0ng t\u1eed", "count": 1}, {"keyword": "phong", "count": 1}, {"keyword": "m\u00ea", "count": 1}, {"keyword": "mh", "count": 1}, {"keyword": "c\u1ea7n", "count": 3}, {"keyword": "ch\u01b0\u01a1ng tr\u00ecnh", "count": 1}, {"keyword": "\u0111\u1ed9c th\u00e2n", "count": 1}, {"keyword": "chechnya", "count": 1}, {"keyword": "th\u1ea7n", "count": 1}, {"keyword": "ng\u1eadm ng\u00f9i", "count": 1}, {"keyword": "t\u1ea5n c\u00f4ng", "count": 1}, {"keyword": "ng\u00e0y l\u1ea1c", "count": 1}, {"keyword": "to\u00e0n di\u1ec7n", "count": 1}, {"keyword": "s\u1ed1c", "count": 3}, {"keyword": "t\u00e1t", "count": 1}, {"keyword": "s\u00e0o", "count": 1}, {"keyword": "m\u00e3", "count": 2}, {"keyword": "sai l\u1ea7m", "count": 1}, {"keyword": "nh\u00e2n \u0111\u1ea1o", "count": 1}, {"keyword": "tr\u01b0\u1eddng h\u1ecdc", "count": 1}, {"keyword": "ph\u1ed1t", "count": 1}, {"keyword": "hang", "count": 1}, {"keyword": "kh\u1ed1c li\u1ec7t", "count": 1}, {"keyword": "ph\u1ee5 n\u1eef", "count": 1}, {"keyword": "produce", "count": 1}, {"keyword": "ph\u1ea7n", "count": 1}, {"keyword": "tan r\u00e3", "count": 1}, {"keyword": "xua", "count": 1}, {"keyword": "g\u1ea1ch", "count": 1}, {"keyword": "\u0111\u1ea3", "count": 1}, {"keyword": "\u0111\u00fap", "count": 1}, {"keyword": "hcm", "count": 3}, {"keyword": "t\u1ed9i", "count": 1}, {"keyword": "tr\u1ef1c di\u1ec7n", "count": 1}, {"keyword": "d\u1ef1 \u00e1n", "count": 1}, {"keyword": "v\u1ecb tr\u00ed", "count": 1}, {"keyword": "m\u1ea5t t\u00edch", "count": 1}, {"keyword": "k\u1ec9 ni\u1ec7m", "count": 1}, {"keyword": "sao nam", "count": 1}, {"keyword": "th\u00e2m", "count": 1}, {"keyword": "i", "count": 2}, {"keyword": "qu\u00e2n \u0111o\u00e0n", "count": 1}, {"keyword": "quang \u0111\u1ea1i", "count": 1}, {"keyword": "\u0111\u1ea3ng", "count": 1}, {"keyword": "ti\u1ebft l\u1ed9", "count": 1}, {"keyword": "x\u00e2m h\u1ea1i", "count": 1}, {"keyword": "\u0111i\u1ec7n gi\u1eadt", "count": 1}, {"keyword": "nguy\u1ec5n ph\u00fa", "count": 1}, {"keyword": "s\u1eeda \u0111\u1ed5i", "count": 1}, {"keyword": "c\u1ea5p \u0111\u1ed9", "count": 1}, {"keyword": "vtv", "count": 1}, {"keyword": "\u0111\u1eebng", "count": 2}, {"keyword": "b\u1ea3o v\u1ec7", "count": 1}, {"keyword": "chu\u1ed9t", "count": 1}, {"keyword": "th\u1ef1c s\u1ef1", "count": 1}, {"keyword": "nguy\u1ec5n ch\u1ed1ng", "count": 1}, {"keyword": "\u0111\u00f4", "count": 1}, {"keyword": "t\u00ecnh", "count": 1}, {"keyword": "hot", "count": 2}, {"keyword": "chung c\u01b0", "count": 1}, {"keyword": "c\u1ea3nh", "count": 2}, {"keyword": "\u00edt", "count": 2}, {"keyword": "t\u1ef1 nhi\u00ean", "count": 1}, {"keyword": "\u00f4", "count": 1}, {"keyword": "h\u1ecfi", "count": 1}, {"keyword": "\u0111\u1ea1i gia", "count": 1}, {"keyword": "d\u00e1m", "count": 1}, {"keyword": "nh\u00e0 tr\u1ecd", "count": 1}, {"keyword": "l\u00e3nh \u00e1n", "count": 1}, {"keyword": "chung quanh", "count": 1}, {"keyword": "ng\u1ee7", "count": 1}, {"keyword": "kh\u00f4ng kh\u00ed", "count": 1}, {"keyword": "qu\u1ed1c t\u1ebf", "count": 1}, {"keyword": "s\u1eeda b\u1ed3n", "count": 1}, {"keyword": "gi\u00e1o d\u1ee5c", "count": 1}, {"keyword": "clinton", "count": 1}, {"keyword": "g\u1eb7p g\u1ee1", "count": 1}, {"keyword": "ti\u00eam", "count": 1}, {"keyword": "m\u00faa", "count": 1}, {"keyword": "oan", "count": 1}, {"keyword": "n\u1ebfu", "count": 2}, {"keyword": "b\u1ea7u tr\u1eddi", "count": 1}, {"keyword": "c\u00f4ng ph\u01b0\u1ee3ng", "count": 2}, {"keyword": "\u0111\u1ea1t", "count": 1}, {"keyword": "tinh gi\u1ea3n", "count": 1}, {"keyword": "hi\u1ec7n tr\u01b0\u1eddng", "count": 1}, {"keyword": "m\u1ea5y", "count": 1}, {"keyword": "ch\u1ed7", "count": 3}, {"keyword": "bi\u1ec7t th\u1ef1", "count": 3}, {"keyword": "ng\u1ea9n ng\u01a1", "count": 1}, {"keyword": "g\u1eb7p", "count": 1}, {"keyword": "thi\u1ebfu", "count": 1}, {"keyword": "m\u01b0\u1ee3n", "count": 1}, {"keyword": "tottenham", "count": 1}, {"keyword": "phim", "count": 6}, {"keyword": "n\u0103m h\u1ecdc", "count": 1}, {"keyword": "quy ho\u1ea1ch", "count": 1}, {"keyword": "hi\u1ec7u qu\u1ea3", "count": 3}, {"keyword": "tuy\u1ebfn", "count": 1}, {"keyword": "ti\u1ec3u th\u01b0", "count": 1}, {"keyword": "ngon", "count": 2}, {"keyword": "c\u01b0\u1edbi", "count": 2}, {"keyword": "b\u00e9o", "count": 1}, {"keyword": "s\u00e2n kh\u1ea5u", "count": 1}, {"keyword": "tuy\u00ean truy\u1ec1n", "count": 1}, {"keyword": "jo", "count": 1}, {"keyword": "th\u00e0nh ng\u1eef", "count": 1}, {"keyword": "s\u00f4ng l\u0169y", "count": 1}, {"keyword": "di c\u01b0", "count": 1}, {"keyword": "cao th\u1ee7", "count": 1}, {"keyword": "lag", "count": 1}, {"keyword": "th\u1eadt", "count": 2}, {"keyword": "v\u00f4 \u0111\u1ecbch", "count": 1}, {"keyword": "d\u1ea1y", "count": 1}, {"keyword": "b\u00f9ng n\u1ed5", "count": 1}, {"keyword": "kh\u00e1c", "count": 1}, {"keyword": "\u0103n m\u1eb7c", "count": 1}, {"keyword": "v\u01b0\u01a1ng qu\u1ed1c", "count": 1}, {"keyword": "n\u00e0ng", "count": 1}, {"keyword": "nh\u00e0 n\u01b0\u1edbc", "count": 1}, {"keyword": "m\u1ec1m", "count": 1}, {"keyword": "\u0111\u1ed1i t\u00e1c", "count": 1}, {"keyword": "rong", "count": 1}, {"keyword": "s\u00e2n bay", "count": 2}, {"keyword": "\u0111\u1ec1u", "count": 2}, {"keyword": "v\u1ee3", "count": 5}, {"keyword": "s\u00f9ng s\u1ee5c", "count": 1}, {"keyword": "ri", "count": 2}, {"keyword": "so\u00e1n", "count": 1}, {"keyword": "c\u00f4ng khai", "count": 1}, {"keyword": "v\u00f4 c\u00f9ng", "count": 2}, {"keyword": "t\u00fai", "count": 2}, {"keyword": "tp", "count": 3}, {"keyword": "thi\u1ebfu ph\u1ee5", "count": 1}, {"keyword": "tr\u01b0\u1eddng h\u1ecdc g\u1eafn", "count": 1}, {"keyword": "v\u00f9ng bi\u00ean", "count": 1}, {"keyword": "we", "count": 1}, {"keyword": "t\u00ea gi\u00e1c", "count": 1}, {"keyword": "r\u1eebng n\u00fai", "count": 1}, {"keyword": "\u0111\u1ed5 b\u1ed9", "count": 2}, {"keyword": "tr\u01b0\u1edbc v\u1ebb", "count": 1}, {"keyword": "m\u00f9a", "count": 3}, {"keyword": "l\u01b0\u1edbi", "count": 1}, {"keyword": "aff", "count": 1}, {"keyword": "hoang d\u1ea1i", "count": 1}, {"keyword": "\u0111\u1eb7c \u0111i\u1ec3m", "count": 1}, {"keyword": "xy", "count": 1}, {"keyword": "b\u00ea b\u1ed1i", "count": 1}, {"keyword": "deadline", "count": 1}, {"keyword": "\u0111\u1ee9c", "count": 1}, {"keyword": "c\u1ea3nh b\u00e1o", "count": 1}, {"keyword": "t\u00e2m b\u00e3o", "count": 1}, {"keyword": "\u0111\u00e1m c\u01b0\u1edbi", "count": 1}, {"keyword": "bi\u00ean ch\u1ebf", "count": 1}, {"keyword": "ch\u1ed1ng", "count": 2}, {"keyword": "ng\u1ee1", "count": 1}, {"keyword": "huy\u1ec1n tho\u1ea1i", "count": 1}, {"keyword": "ch\u01a1i", "count": 1}, {"keyword": "ri\u00eang", "count": 2}, {"keyword": "pin", "count": 1}, {"keyword": "t\u1ea1i sao", "count": 1}, {"keyword": "d\u1ec5 th\u01b0\u01a1ng", "count": 1}, {"keyword": "n\u00f3ng b\u1ecfng", "count": 1}, {"keyword": "d\u00ednh", "count": 2}, {"keyword": "hack", "count": 1}, {"keyword": "b\u1eafc b\u1ed9", "count": 1}, {"keyword": "\u0111\u1ea1o di\u1ec5n", "count": 1}, {"keyword": "trung thu", "count": 1}, {"keyword": "shaun", "count": 1}, {"keyword": "seung", "count": 1}, {"keyword": "th\u1ea3m h\u1ecda", "count": 1}, {"keyword": "m\u1ea1i d\u00e2m", "count": 1}, {"keyword": "teen", "count": 1}, {"keyword": "nh\u00e2n t\u00ecnh", "count": 1}, {"keyword": "c\u1ef1c", "count": 1}, {"keyword": "n\u1eb7ng n\u1ec1", "count": 1}, {"keyword": "v\u1eadt", "count": 1}, {"keyword": "\u0111\u1ee1", "count": 1}, {"keyword": "c\u00e0 ph\u00ea", "count": 1}, {"keyword": "go", "count": 1}, {"keyword": "v\u0103ng", "count": 1}, {"keyword": "truy\u1ec7n", "count": 1}, {"keyword": "s\u01a1 sinh", "count": 1}, {"keyword": "b\u00fap b\u00ea", "count": 1}, {"keyword": "giao", "count": 1}, {"keyword": "lb", "count": 2}, {"keyword": "h\u1ed3ng v\u00e2n", "count": 1}, {"keyword": "bu\u1ed3n", "count": 1}, {"keyword": "s\u00e1ch", "count": 1}, {"keyword": "thua k\u00e9m", "count": 1}, {"keyword": "giroud", "count": 1}, {"keyword": "b\u00e1o", "count": 1}, {"keyword": "b\u1ec1n v\u1eefng", "count": 1}, {"keyword": "m\u00e1ch", "count": 1}, {"keyword": "hi\u1ec1n", "count": 1}, {"keyword": "qu\u1ea3", "count": 1}, {"keyword": "ch\u00ednh th\u1ee9c", "count": 2}, {"keyword": "g\u1ea1o t\u1ebb", "count": 1}, {"keyword": "\u0111\u1ed9c nh\u1ea5t", "count": 1}, {"keyword": "th\u00e0nh vi\u00ean", "count": 1}, {"keyword": "ly h\u00f4n", "count": 1}, {"keyword": "gi\u1edbi h\u1ea1n", "count": 1}, {"keyword": "\u00e1", "count": 1}, {"keyword": "l\u00e2m", "count": 1}, {"keyword": "c", "count": 4}, {"keyword": "c\u1ee9u", "count": 1}, {"keyword": "t\u00ecnh t\u1ee9", "count": 1}, {"keyword": "vi\u1ec5n t\u01b0\u1edfng", "count": 1}, {"keyword": "to\u00e0n c\u1ea3nh", "count": 1}, {"keyword": "t\u1ef7 ph\u00fa", "count": 1}, {"keyword": "nh\u00e0 c\u1ef1u t\u1ef7 ph\u00fa", "count": 1}, {"keyword": "l\u1ecdt", "count": 2}, {"keyword": "m\u1ed9t s\u1ed1", "count": 2}, {"keyword": "h\u1ed9p", "count": 1}, {"keyword": "gg", "count": 1}, {"keyword": "g\u1eedi", "count": 1}, {"keyword": "c\u00f4ng ngh\u1ec7", "count": 1}, {"keyword": "selfi", "count": 1}, {"keyword": "\u0111\u00f2n", "count": 2}, {"keyword": "n\u1ed7i", "count": 1}, {"keyword": "festival", "count": 1}, {"keyword": "vi ph\u1ea1m", "count": 1}, {"keyword": "c\u00f4ng", "count": 3}, {"keyword": "t\u1eeb ch\u1ed1i", "count": 1}, {"keyword": "karma", "count": 1}, {"keyword": "theo", "count": 1}, {"keyword": "atiso", "count": 1}, {"keyword": "tay \u0111ua", "count": 2}, {"keyword": "b\u00ed \u1ea9n", "count": 1}, {"keyword": "t\u1eb7ng", "count": 1}, {"keyword": "phan", "count": 1}, {"keyword": "h\u1ee3p t\u00e1c", "count": 1}, {"keyword": "khoa h\u1ecdc", "count": 1}, {"keyword": "li", "count": 1}, {"keyword": "r\u1eebng", "count": 3}, {"keyword": "ki\u1ec3m tra", "count": 1}, {"keyword": "ghi \u0111i\u1ec3m", "count": 1}, {"keyword": "malaysia", "count": 1}, {"keyword": "nguy\u1ec5n thanh h\u00f3a", "count": 3}, {"keyword": "s\u1ea1ch", "count": 1}, {"keyword": "\u0111o\u00e0n", "count": 1}, {"keyword": "kh\u00e1nh", "count": 1}, {"keyword": "\u0111\u00f4 th\u1ecb", "count": 1}, {"keyword": "tr\u1edf th\u00e0nh", "count": 2}, {"keyword": "c\u00f4ng l\u00fd", "count": 2}, {"keyword": "hot girl", "count": 1}, {"keyword": "xe kh\u00e1ch", "count": 1}, {"keyword": "s\u00f4i \u201c", "count": 1}, {"keyword": "duy nh\u1ea5t", "count": 1}, {"keyword": "gi\u1edbi", "count": 1}, {"keyword": "t\u00f4ng", "count": 1}, {"keyword": "ph\u1ea3n \u1ee9ng", "count": 1}, {"keyword": "\u0111\u00e1nh b\u1ea1c", "count": 1}, {"keyword": "ng\u1ea1i", "count": 1}, {"keyword": "t\u01b0\u01a1ng lai", "count": 1}, {"keyword": "\u0111\u1ea1n \u0111\u1ea1o", "count": 1}, {"keyword": "ngh\u00ecn t\u1ef7", "count": 1}, {"keyword": "m\u00e1u", "count": 1}, {"keyword": "\u1ea5y", "count": 1}, {"keyword": "truy n\u00e3", "count": 1}, {"keyword": "qu\u1ea1t", "count": 1}, {"keyword": "n\u1ebb", "count": 1}, {"keyword": "t\u00ecnh d\u1ee5c", "count": 2}, {"keyword": "n\u1eafng n\u00f3ng", "count": 1}, {"keyword": "\u0111\u1ee7", "count": 2}, {"keyword": "phi\u00ean", "count": 1}, {"keyword": "ng\u1ecdc trinh", "count": 1}, {"keyword": "idol", "count": 1}, {"keyword": "t\u00ednh c\u00e1ch", "count": 1}, {"keyword": "h\u1eb9n h\u00f2", "count": 1}, {"keyword": "ph\u1ee7 \u0111\u1ea7u", "count": 1}, {"keyword": "tr\u1ecb", "count": 1}, {"keyword": "here", "count": 1}, {"keyword": "brighton", "count": 1}, {"keyword": "n\u00e2ng", "count": 1}, {"keyword": "ch\u00f9m", "count": 1}, {"keyword": "justin", "count": 1}, {"keyword": "made", "count": 1}, {"keyword": "\u0111\u1ec1 ngh\u1ecb", "count": 1}, {"keyword": "ham", "count": 1}, {"keyword": "th\u1eafng", "count": 2}, {"keyword": "bxh", "count": 1}, {"keyword": "th\u1ea7y gi\u00e1o", "count": 1}, {"keyword": "tr\u00e0", "count": 1}, {"keyword": "ho\u1ea3ng h\u1ed1t", "count": 1}, {"keyword": "tr\u1eebng ph\u1ea1t", "count": 1}, {"keyword": "\u0111\u1ed1i th\u1ee7", "count": 1}, {"keyword": "c\u00e1 s\u1ea5u", "count": 1}, {"keyword": "l\u00ean \u0111\u01b0\u1eddng", "count": 1}, {"keyword": "ah", "count": 1}, {"keyword": "sevilla", "count": 1}, {"keyword": "gi\u1ed1ng", "count": 1}, {"keyword": "nh\u01b0 \u00fd", "count": 2}, {"keyword": "\u0111\u00e2y", "count": 1}, {"keyword": "cung", "count": 1}, {"keyword": "du kh\u00e1ch", "count": 1}, {"keyword": "to", "count": 2}, {"keyword": "con ng\u01b0\u1eddi", "count": 1}, {"keyword": "ch hung", "count": 1}, {"keyword": "nh\u00e0 h\u00e0ng", "count": 1}, {"keyword": "c\u1eadn", "count": 1}, {"keyword": "s\u1eefa", "count": 1}, {"keyword": "g\u1ea1o n\u1ebfp", "count": 1}, {"keyword": "th\u00f4 k\u1ec7ch", "count": 1}, {"keyword": "tr\u00e1i tim", "count": 1}, {"keyword": "ch\u1eefa", "count": 1}, {"keyword": "trao", "count": 1}, {"keyword": "bay", "count": 1}, {"keyword": "cu\u1ed9c s\u1ed1ng", "count": 1}, {"keyword": "juventus", "count": 1}, {"keyword": "s\u00e1t h\u1ea1i", "count": 1}, {"keyword": "c\u00f4ng ch\u00fang", "count": 1}, {"keyword": "ki\u1ebfn ngh\u1ecb", "count": 1}, {"keyword": "c\u1ea1n l\u1eddi", "count": 1}, {"keyword": "\u0111\u1ee9ng tim", "count": 1}, {"keyword": "b\u00e1nh", "count": 1}, {"keyword": "\u0111\u1ed1i t\u01b0\u1ee3ng", "count": 3}, {"keyword": "th\u1eb3ng tay", "count": 1}, {"keyword": "mourinho", "count": 2}, {"keyword": "kho\u1ea3ng", "count": 1}, {"keyword": "\u00e2m th\u1ea7m", "count": 1}, {"keyword": "h\u01b0\u1edbng", "count": 1}, {"keyword": "\u0111\u00e0o", "count": 1}, {"keyword": "thuy\u1ebft", "count": 1}, {"keyword": "nsnd", "count": 1}, {"keyword": "kh\u00e1m ph\u00e1", "count": 1}, {"keyword": "ch\u00e2n dung", "count": 2}, {"keyword": "l\u0169", "count": 1}, {"keyword": "m\u00f3ng", "count": 1}, {"keyword": "tr\u00f9m", "count": 2}, {"keyword": "b\u1ed1 m\u1eb9", "count": 2}, {"keyword": "c\u1ea9n tr\u1ecdng", "count": 1}, {"keyword": "t\u1ec9 \u0111\u1ed3ng", "count": 2}, {"keyword": "gi\u1ea3i th\u01b0\u1edfng", "count": 1}, {"keyword": "khai gi\u1ea3ng", "count": 3}, {"keyword": "b\u1ea5t ng\u1edd", "count": 4}, {"keyword": "d\u00e2m", "count": 1}, {"keyword": "nh\u1eadt", "count": 1}, {"keyword": "ph\u00e9p", "count": 2}, {"keyword": "ph\u00e1 d\u1ee1", "count": 1}, {"keyword": "trafford", "count": 1}, {"keyword": "s\u1ed1ng s\u00f3t", "count": 2}, {"keyword": "t\u1ee5t", "count": 1}, {"keyword": "\u0111\u01b0\u1eddng d\u00e2y", "count": 1}, {"keyword": "t\u1ed5n th\u01b0\u01a1ng", "count": 1}, {"keyword": "snsd", "count": 2}, {"keyword": "\u0111\u01b0\u1eddng s\u1eaft", "count": 1}, {"keyword": "bu\u00f4n l\u1eadu", "count": 1}, {"keyword": "giang", "count": 1}, {"keyword": "l\u00fd do", "count": 2}, {"keyword": "nguy k\u1ecbch", "count": 1}, {"keyword": "v\u1eeba", "count": 2}, {"keyword": "nh\u1edb", "count": 3}, {"keyword": "h\u00e0nh h\u1ea1", "count": 1}, {"keyword": "s\u1eefng s\u1edd", "count": 2}, {"keyword": "thanh xu\u00e2n", "count": 1}, {"keyword": "m\u1eafc", "count": 1}, {"keyword": "c\u00f4ng ch\u00faa", "count": 1}, {"keyword": "khai tr\u01b0\u1eddng", "count": 1}, {"keyword": "hoa h\u1eadu", "count": 1}, {"keyword": "ngh\u1ec7 s\u0129", "count": 2}, {"keyword": "t\u1ed3i t\u1ec7", "count": 1}, {"keyword": "y\u00eau", "count": 3}, {"keyword": "bi\u00ean h\u00f2a", "count": 1}, {"keyword": "sm", "count": 1}, {"keyword": "h\u1ecd", "count": 2}, {"keyword": "th\u00e0nh l\u1eadp", "count": 1}, {"keyword": "chuy\u1ec3n", "count": 1}, {"keyword": "quan tr\u1ecdng", "count": 2}, {"keyword": "t\u00e2n", "count": 1}, {"keyword": "lo ng\u1ea1i", "count": 1}, {"keyword": "th\u00f4i", "count": 1}, {"keyword": "chu\u1ed7i", "count": 1}, {"keyword": "\u00e1o", "count": 4}, {"keyword": "s\u1ef1 c\u1ed1", "count": 2}, {"keyword": "ra hi\u1ec7u", "count": 1}, {"keyword": "l\u00ean ng\u00f4i", "count": 1}, {"keyword": "m\u0169i", "count": 1}, {"keyword": "\u0111\u1ed9c", "count": 1}, {"keyword": "cha", "count": 1}, {"keyword": "ch\u1ea5t", "count": 3}], "category": "Kh\u00e1c"}]}